/*
 Navicat Premium Data Transfer

 Source Server         : guozhong
 Source Server Type    : MySQL
 Source Server Version : 50173
 Source Host           : qdm189698249.my3w.com
 Source Database       : qdm189698249_db

 Target Server Type    : MySQL
 Target Server Version : 50173
 File Encoding         : utf-8

 Date: 05/21/2016 15:09:40 PM
*/

SET NAMES utf8;
SET FOREIGN_KEY_CHECKS = 0;

-- ----------------------------
--  Table structure for `t_access_token`
-- ----------------------------
DROP TABLE IF EXISTS `t_access_token`;
CREATE TABLE `t_access_token` (
  `access_token_id` int(11) NOT NULL AUTO_INCREMENT,
  `access_token` varchar(255) DEFAULT NULL,
  `get_time` timestamp NULL DEFAULT CURRENT_TIMESTAMP,
  PRIMARY KEY (`access_token_id`)
) ENGINE=MyISAM AUTO_INCREMENT=7 DEFAULT CHARSET=gbk;

-- ----------------------------
--  Records of `t_access_token`
-- ----------------------------
BEGIN;
INSERT INTO `t_access_token` VALUES ('1', 'pQJNOwClPYtoC0faAdrlyKdXJ9HOEZAnvYqajVvKq4h87GggIWdMYtviCUD0Nkieq-IrkXNJ52eVfGbKMCzS36gQTuC3ivkXKg11jyOBYKptToon7saFV4ImFdIxULmuBFCcAAALPM', '2016-04-18 23:15:29'), ('2', 'XjsCjRILbtjaz94m3zvQUJitrYik7r3HvzOavAPKo4ZBrK3HQqYw1pXXtHvgAWr9SjWraf766jStSjV4Ji3Covpir9k5Zu1aaxqb76ypKtcM2ghblRhfTCxEOGoS7Ca3NQOeAJAUXV', '2016-04-18 23:23:10'), ('3', 'rGnr5P_hyg3z1xV4CWcGxz4FJ7wyyZEVp0N7W4ljcZZCu2tGKzAOd_o_1PptXQv8riED4YapTUmH8vPTCtvGWRW1jBi-v8rx3pNWjM7aX1goWeGtFkJwSIdj-3M_nRDgNKQbAJABYE', '2016-04-18 23:43:01'), ('4', 'ZlG1_lK912NwLrb35X5QO5VWBr1PYAaEeFl16Kyp_xK65wHN7D1tNlNyrxmAi4AlsXw3E2C_RCgp8iECCG19CKD2BhQSL-zSW5C5RHdgFkwxF7AMQAPqPExMJkcx54ufCHZgAAAKPH', '2016-04-18 23:49:36'), ('5', 'z34QivMB9mPdlO-2zMAbJPxAZZGxCOs3XEI3qqlSj7uKxQIlnaqwdv4agm_dtjI4oXW1m-pjTMlWGVJMIoCvecVUEcC72dOh9lMKrln1O5sOVSgABABIF', '2016-04-18 23:52:39'), ('6', '-X9P8E0ungS2WeRSS1l4pFaXCel6K7POX7X_QFzHdOt3FS7O5cji6wMwolP-4-IdRzxaYl0gwfhJCzrsq9plZiI0mU_QAnXPY6RVB_Nct8jAg6EQQpE-eK2hW34P9LEDPMPiABAIFI', '2016-04-18 23:54:57');
COMMIT;

-- ----------------------------
--  Table structure for `t_admin`
-- ----------------------------
DROP TABLE IF EXISTS `t_admin`;
CREATE TABLE `t_admin` (
  `admin_id` int(11) NOT NULL AUTO_INCREMENT,
  `admin_name` varchar(30) DEFAULT NULL,
  `admin_pwd` varchar(30) DEFAULT NULL,
  `admin_photo` varchar(255) DEFAULT NULL,
  PRIMARY KEY (`admin_id`)
) ENGINE=MyISAM AUTO_INCREMENT=23 DEFAULT CHARSET=gbk;

-- ----------------------------
--  Records of `t_admin`
-- ----------------------------
BEGIN;
INSERT INTO `t_admin` VALUES ('1', 'guozhong', '1234', 'img/avatar.png'), ('22', 'nce16220811', '16220811', 'img/avatar.png');
COMMIT;

-- ----------------------------
--  Table structure for `t_advertisement`
-- ----------------------------
DROP TABLE IF EXISTS `t_advertisement`;
CREATE TABLE `t_advertisement` (
  `ad_id` int(11) NOT NULL AUTO_INCREMENT,
  `ad_title` varchar(255) DEFAULT NULL,
  `ad_desc` text,
  `ad_img` varchar(255) DEFAULT NULL,
  `ad_time` timestamp NULL DEFAULT CURRENT_TIMESTAMP,
  PRIMARY KEY (`ad_id`)
) ENGINE=MyISAM AUTO_INCREMENT=14 DEFAULT CHARSET=gbk;

-- ----------------------------
--  Records of `t_advertisement`
-- ----------------------------
BEGIN;
INSERT INTO `t_advertisement` VALUES ('1', '立邦放价，“全民大狂欢”', '五一 立邦钜惠', 'img/ad-bg1.png', '2016-04-30 11:22:51'), ('2', '立邦放价，“全民大狂欢”', '五一 立邦钜惠', 'img/ad-bg2.png', '2016-04-30 11:20:55'), ('7', '全天降价', 'xxxxxx测试用的x', 'uploads/20160430220109_23075.jpg', '2016-04-30 21:42:20');
COMMIT;

-- ----------------------------
--  Table structure for `t_case`
-- ----------------------------
DROP TABLE IF EXISTS `t_case`;
CREATE TABLE `t_case` (
  `case_id` int(11) NOT NULL AUTO_INCREMENT,
  `case_user` varchar(255) DEFAULT NULL,
  `case_desc` varchar(255) DEFAULT NULL,
  `case_img1` varchar(255) DEFAULT NULL,
  `case_add` varchar(255) DEFAULT NULL,
  `case_time` timestamp NULL DEFAULT CURRENT_TIMESTAMP,
  `case_img2` varchar(255) DEFAULT NULL,
  PRIMARY KEY (`case_id`)
) ENGINE=MyISAM AUTO_INCREMENT=8 DEFAULT CHARSET=gbk;

-- ----------------------------
--  Records of `t_case`
-- ----------------------------
BEGIN;
INSERT INTO `t_case` VALUES ('1', '李先生', '装修的非常好，孩子特别喜欢，房间一点味道都没有。很舒适，很喜欢。', 'img/room1.png', '南岗区学府路74号', '2016-04-30 22:45:31', 'img/room2.png'), ('2', '李先生', '装修的非常好，孩子特别喜欢，房间一点味道都没有。很舒适，很喜欢。', 'img/room1.png', '南岗区学府路100号', '2016-04-30 22:45:48', 'img/room2.png');
COMMIT;

-- ----------------------------
--  Table structure for `t_feedback`
-- ----------------------------
DROP TABLE IF EXISTS `t_feedback`;
CREATE TABLE `t_feedback` (
  `feedback_id` int(11) NOT NULL AUTO_INCREMENT,
  `feedback_content` varchar(255) DEFAULT NULL,
  `feedback_time` timestamp NULL DEFAULT CURRENT_TIMESTAMP,
  `weixin_id` varchar(255) DEFAULT NULL,
  PRIMARY KEY (`feedback_id`)
) ENGINE=MyISAM AUTO_INCREMENT=22 DEFAULT CHARSET=gbk;

-- ----------------------------
--  Records of `t_feedback`
-- ----------------------------
BEGIN;
INSERT INTO `t_feedback` VALUES ('1', '你好', null, null), ('2', '你好', null, null), ('3', '你好', '2016-04-18 21:45:47', null), ('4', '国众致力于给您提供优质、高效的居家换新服务，欢迎您提供宝贵的意见和建议~', '2016-04-18 21:46:04', null), ('5', '国众致力于给您提供优质、高效的居家换新服务，欢迎您提供宝贵的意见和建议~', '2016-04-19 07:44:05', null), ('19', '来', '2016-05-15 18:33:33', 'oewxTwnzSf4TXTZBRTzxiLIJiynw'), ('8', '国众致力于给您提供优质、高效的居家换新服务，欢迎您提供宝贵的意见和建议~', '2016-04-20 09:55:14', null), ('9', '国众致力于给您提供优质、高效的居家换新服务，欢迎您提供宝贵的意见和建议~', '2016-04-20 09:55:16', null), ('10', '国众致力于给您提供优质、高效的居家换新服务，欢迎您提供宝贵的意见和建议~', '2016-04-21 16:01:42', null);
COMMIT;

-- ----------------------------
--  Table structure for `t_message`
-- ----------------------------
DROP TABLE IF EXISTS `t_message`;
CREATE TABLE `t_message` (
  `message_id` int(11) NOT NULL AUTO_INCREMENT,
  `message_content` varchar(255) DEFAULT NULL,
  `message_time` timestamp NULL DEFAULT CURRENT_TIMESTAMP,
  `weixin_id` text,
  PRIMARY KEY (`message_id`)
) ENGINE=MyISAM AUTO_INCREMENT=242 DEFAULT CHARSET=gbk;

-- ----------------------------
--  Records of `t_message`
-- ----------------------------
BEGIN;
INSERT INTO `t_message` VALUES ('35', '你发送的是文本，内容为：你好', '2016-04-18 22:45:02', null), ('41', '？？？', '2016-04-21 13:45:36', '123'), ('42', '11', '2016-04-21 13:46:01', '123'), ('43', '11', '2016-04-21 13:46:01', '123'), ('46', '6666', '2016-04-21 13:51:23', '<xml>\n                        <ToUserName><![CDATA[oewxTwjqw7cG9VtaRL3jkW-pVwdk]]></ToUserName>\n                        <FromUserName><![CDATA[gh_5904afa80066]]></FromUserName>\n                        <CreateTime>1461217883</CreateTime>\n                  '), ('47', '6666', '2016-04-21 13:51:23', '<xml>\n                        <ToUserName><![CDATA[oewxTwjqw7cG9VtaRL3jkW-pVwdk]]></ToUserName>\n                        <FromUserName><![CDATA[gh_5904afa80066]]></FromUserName>\n                        <CreateTime>1461217883</CreateTime>\n                  '), ('48', '好好好', '2016-04-21 14:26:01', ''), ('49', '好好好', '2016-04-21 14:48:51', 'oewxTwjqw7cG9VtaRL3jkW-pVwdk'), ('50', '111', '2016-04-21 14:49:17', 'oewxTwjqw7cG9VtaRL3jkW-pVwdk'), ('51', '？', '2016-04-21 14:55:13', 'oewxTwnzSf4TXTZBRTzxiLIJiynw'), ('52', '好好好', '2016-04-21 15:45:36', 'oewxTwjqw7cG9VtaRL3jkW-pVwdk'), ('53', '/::)', '2016-04-21 16:00:43', 'oewxTwnzSf4TXTZBRTzxiLIJiynw'), ('54', '来来来', '2016-04-21 16:00:54', 'oewxTwjqw7cG9VtaRL3jkW-pVwdk'), ('64', '你俩好', '2016-04-22 12:51:04', 'oewxTwnzSf4TXTZBRTzxiLIJiynw'), ('65', '兔兔', '2016-04-22 12:52:13', 'oewxTwiWWl4jBPHSKMKcf_LATscU'), ('66', '图太可怜了', '2016-04-22 12:56:27', 'oewxTwiWWl4jBPHSKMKcf_LATscU'), ('67', '大家好', '2016-04-22 13:17:47', 'oewxTwnzSf4TXTZBRTzxiLIJiynw'), ('68', '你好', '2016-04-22 13:18:49', 'oewxTwnzSf4TXTZBRTzxiLIJiynw'), ('69', '你好', '2016-04-22 13:21:35', 'oewxTwnzSf4TXTZBRTzxiLIJiynw'), ('70', '你好', '2016-04-22 13:22:50', 'oewxTwnzSf4TXTZBRTzxiLIJiynw'), ('71', '你好', '2016-04-22 13:24:17', 'oewxTwnzSf4TXTZBRTzxiLIJiynw'), ('72', '你摸', '2016-04-22 13:27:07', 'oewxTwnzSf4TXTZBRTzxiLIJiynw'), ('57', 'qq', '2016-04-21 16:38:04', 'oewxTwlp6vTn78BFUi_kZJMO4qTw'), ('58', '？', '2016-04-21 19:48:58', 'oewxTwnzSf4TXTZBRTzxiLIJiynw'), ('59', '哈啥？！', '2016-04-21 20:44:13', 'oewxTwjqw7cG9VtaRL3jkW-pVwdk'), ('60', '你好', '2016-04-22 11:09:41', 'oewxTwnzSf4TXTZBRTzxiLIJiynw'), ('61', '你好', '2016-04-22 11:11:17', 'oewxTwnzSf4TXTZBRTzxiLIJiynw'), ('62', '你好', '2016-04-22 11:11:27', 'oewxTwnzSf4TXTZBRTzxiLIJiynw'), ('63', '哈', '2016-04-22 11:12:10', 'oewxTwnzSf4TXTZBRTzxiLIJiynw'), ('73', '你好', '2016-04-22 13:27:49', 'oewxTwnzSf4TXTZBRTzxiLIJiynw'), ('74', '你好', '2016-04-22 13:43:53', 'oewxTwnzSf4TXTZBRTzxiLIJiynw'), ('75', '我西瓜', '2016-04-22 14:17:08', 'oewxTwnzSf4TXTZBRTzxiLIJiynw'), ('76', '默默', '2016-04-22 14:18:47', 'oewxTwnzSf4TXTZBRTzxiLIJiynw'), ('77', '默默oo', '2016-04-22 14:20:01', 'oewxTwnzSf4TXTZBRTzxiLIJiynw'), ('78', '你好', '2016-04-22 14:21:28', 'oewxTwnzSf4TXTZBRTzxiLIJiynw'), ('137', '在输入网址并点击跳转以后，浏览器及服务器会进行一系列的工作：\n\n若输入URL主机域名，将会进行DNS解析把域名解析为IP地址及端口，然后与之建立一个TCP链接。\n若输入URL为IP地址及端口，将直接与之建立一个TCP连接。\n浏览器发送一个带有信息的http请求报文到服务器，信息内容包括身份验证，需请求的资源列表等。\n服务器接到了请求，然后进行处理（响应）。\n服务器把处理的http响应报文返回给浏览器。\n关闭TCP连接。\n浏览器对响应报文进行处理，在页面上渲染，最终呈现给用户。', '2016-05-13 22:15:42', 'oewxTwnzSf4TXTZBRTzxiLIJiynw'), ('80', '哦哦', '2016-04-22 14:28:28', 'oewxTwnzSf4TXTZBRTzxiLIJiynw'), ('81', '/::)', '2016-04-22 14:32:21', 'oewxTwnzSf4TXTZBRTzxiLIJiynw'), ('82', '哦', '2016-04-22 14:33:29', 'oewxTwnzSf4TXTZBRTzxiLIJiynw'), ('83', '我', '2016-04-22 14:39:15', 'oewxTwnzSf4TXTZBRTzxiLIJiynw'), ('84', '我', '2016-04-22 14:39:24', 'oewxTwnzSf4TXTZBRTzxiLIJiynw'), ('85', '我', '2016-04-22 14:39:50', 'oewxTwnzSf4TXTZBRTzxiLIJiynw'), ('86', '你', '2016-04-22 14:46:21', 'oewxTwnzSf4TXTZBRTzxiLIJiynw'), ('87', '你', '2016-04-22 14:47:05', 'oewxTwnzSf4TXTZBRTzxiLIJiynw'), ('88', '中央音乐学院', '2016-04-22 14:47:35', 'oewxTwnzSf4TXTZBRTzxiLIJiynw'), ('89', '好尴尬', '2016-04-22 14:50:55', 'oewxTwnzSf4TXTZBRTzxiLIJiynw'), ('90', '哈哈哈哈', '2016-04-22 17:47:05', 'oewxTwiWWl4jBPHSKMKcf_LATscU'), ('91', '/::)', '2016-04-22 19:58:16', 'oewxTwnzSf4TXTZBRTzxiLIJiynw'), ('92', '/::)', '2016-04-23 00:15:09', 'oewxTwnzSf4TXTZBRTzxiLIJiynw'), ('93', '/::)', '2016-04-23 00:16:36', 'oewxTwnzSf4TXTZBRTzxiLIJiynw'), ('94', '/::)', '2016-04-23 00:21:15', 'oWWVWw8MYx_4kB3HYX5U3HlaJeew'), ('95', '你好  有人吗', '2016-04-23 00:26:17', 'oewxTwnzSf4TXTZBRTzxiLIJiynw'), ('96', '/::)', '2016-04-23 09:32:48', 'oewxTwnzSf4TXTZBRTzxiLIJiynw'), ('97', 'hello', '2016-04-23 14:05:43', 'oewxTwnzSf4TXTZBRTzxiLIJiynw'), ('98', '/::!', '2016-04-24 11:31:56', 'oewxTwnzSf4TXTZBRTzxiLIJiynw'), ('99', '这就是了', '2016-04-24 11:51:02', 'oewxTwnzSf4TXTZBRTzxiLIJiynw'), ('100', 'Hhhhh', '2016-04-29 14:56:25', 'oewxTwiWWl4jBPHSKMKcf_LATscU'), ('101', '/::)', '2016-04-29 15:00:20', 'oWWVWw8MYx_4kB3HYX5U3HlaJeew'), ('102', '你好', '2016-05-04 11:05:34', 'oWWVWw8YCVbjqw5mklNz0ytRmnzQ'), ('103', '你好', '2016-05-05 22:00:17', 'oewxTwnzSf4TXTZBRTzxiLIJiynw'), ('104', '你好', '2016-05-05 22:15:38', 'oewxTwnzSf4TXTZBRTzxiLIJiynw'), ('105', '你好', '2016-05-05 23:19:38', 'oewxTwnzSf4TXTZBRTzxiLIJiynw'), ('106', '你', '2016-05-05 23:22:59', 'oewxTwnzSf4TXTZBRTzxiLIJiynw'), ('107', '/::)', '2016-05-05 23:24:07', 'oewxTwnzSf4TXTZBRTzxiLIJiynw'), ('108', '/::)', '2016-05-05 23:25:50', 'oewxTwnzSf4TXTZBRTzxiLIJiynw'), ('109', '啦啦', '2016-05-05 23:27:33', 'oewxTwiWWl4jBPHSKMKcf_LATscU'), ('110', '娜娜', '2016-05-05 23:28:15', 'oewxTwiWWl4jBPHSKMKcf_LATscU'), ('111', '你好', '2016-05-05 23:29:52', 'oewxTwnzSf4TXTZBRTzxiLIJiynw'), ('112', '你好', '2016-05-05 23:30:55', 'oewxTwnzSf4TXTZBRTzxiLIJiynw'), ('113', '/::)', '2016-05-05 23:34:02', 'oewxTwnzSf4TXTZBRTzxiLIJiynw'), ('114', '/::)', '2016-05-05 23:36:23', 'oewxTwnzSf4TXTZBRTzxiLIJiynw'), ('136', '在输入网址并点击跳转以后，浏览器及服务器会进行一系列的工作：\n\n若输入URL主机域名，将会进行DNS解析把域名解析为IP地址及端口，然后与之建立一个TCP链接。\n若输入URL为IP地址及端口，将直接与之建立一个TCP连接。\n浏览器发送一个带有信息的http请求报文到服务器，信息内容包括身份验证，需请求的资源列表等。\n服务器接到了请求，然后进行处理（响应）。\n服务器把处理的http响应报文返回给浏览器。\n关闭TCP连接。\n浏览器对响应报文进行处理，在页面上渲染，最终呈现给用户。', '2016-05-13 22:15:33', 'oewxTwnzSf4TXTZBRTzxiLIJiynw'), ('135', '/::)', '2016-05-13 22:14:47', 'oWWVWw8MYx_4kB3HYX5U3HlaJeew'), ('117', '/::)', '2016-05-07 16:46:07', 'oewxTwnzSf4TXTZBRTzxiLIJiynw'), ('138', '？', '2016-05-13 23:03:31', 'oWWVWw_WaMJTOkk3EumIwVMPE3H4'), ('159', '二维码', '2016-05-16 19:36:30', 'oWWVWwyYiovaqN6wcchFtsuiaOOM'), ('160', '？', '2016-05-16 20:56:12', 'oWWVWwyytgffKKWi87VpC2V6bSP4'), ('161', '/::)', '2016-05-16 23:12:55', 'oWWVWw8MYx_4kB3HYX5U3HlaJeew'), ('162', '/::)', '2016-05-16 23:18:00', 'oWWVWw8MYx_4kB3HYX5U3HlaJeew'), ('163', '/::)', '2016-05-16 23:41:03', 'oWWVWw8MYx_4kB3HYX5U3HlaJeew'), ('164', '【收到不支持的消息类型，暂无法显示】', '2016-05-17 00:04:17', 'oWWVWwznrCllQ35wTvIsM2d4WHk0'), ('165', '/::)', '2016-05-17 07:46:09', 'oWWVWw8MYx_4kB3HYX5U3HlaJeew'), ('166', '/::)', '2016-05-17 07:46:44', 'oewxTwnzSf4TXTZBRTzxiLIJiynw'), ('167', '/::)', '2016-05-17 12:15:19', 'oWWVWw8MYx_4kB3HYX5U3HlaJeew'), ('168', '/::)', '2016-05-17 12:15:29', 'oWWVWw8MYx_4kB3HYX5U3HlaJeew'), ('169', '/::)', '2016-05-17 12:15:38', 'oWWVWw8MYx_4kB3HYX5U3HlaJeew'), ('170', '/::~', '2016-05-17 12:15:46', 'oWWVWw8MYx_4kB3HYX5U3HlaJeew'), ('171', '/::P', '2016-05-17 12:16:03', 'oWWVWw8MYx_4kB3HYX5U3HlaJeew'), ('172', '/::~/::~', '2016-05-18 00:14:27', 'oWWVWw8MYx_4kB3HYX5U3HlaJeew'), ('173', '/::)', '2016-05-18 00:14:41', 'oWWVWw8MYx_4kB3HYX5U3HlaJeew'), ('174', '/::)', '2016-05-18 09:03:44', 'oWWVWw8MYx_4kB3HYX5U3HlaJeew'), ('175', '/::)', '2016-05-18 09:08:12', 'oWWVWw8MYx_4kB3HYX5U3HlaJeew'), ('176', '/::P', '2016-05-18 09:08:50', 'oewxTwnzSf4TXTZBRTzxiLIJiynw'), ('177', '哈哈', '2016-05-18 09:46:15', 'oWWVWwyytgffKKWi87VpC2V6bSP4'), ('178', '没有', '2016-05-18 09:49:08', 'oWWVWwyytgffKKWi87VpC2V6bSP4'), ('179', '饿的', '2016-05-18 10:56:46', 'oWWVWwyytgffKKWi87VpC2V6bSP4'), ('180', '。。', '2016-05-18 12:37:05', 'oWWVWwyytgffKKWi87VpC2V6bSP4'), ('181', '/::)', '2016-05-18 14:31:57', 'oWWVWw8MYx_4kB3HYX5U3HlaJeew'), ('182', '/::)', '2016-05-18 14:32:47', 'oewxTwnzSf4TXTZBRTzxiLIJiynw'), ('188', '/::)', '2016-05-18 15:15:12', 'oWWVWw8MYx_4kB3HYX5U3HlaJeew'), ('189', '/::)', '2016-05-18 15:25:23', 'oWWVWw8MYx_4kB3HYX5U3HlaJeew'), ('190', '/::)', '2016-05-18 15:26:32', 'oWWVWw8MYx_4kB3HYX5U3HlaJeew'), ('191', '解决了', '2016-05-18 15:26:52', 'oWWVWw8MYx_4kB3HYX5U3HlaJeew'), ('184', '666666', '2016-05-18 15:07:28', 'oWWVWwyytgffKKWi87VpC2V6bSP4'), ('185', '太6了', '2016-05-18 15:07:33', 'oWWVWwyytgffKKWi87VpC2V6bSP4'), ('186', '说吧', '2016-05-18 15:07:37', 'oWWVWwyytgffKKWi87VpC2V6bSP4'), ('187', '想吃啥', '2016-05-18 15:07:40', 'oWWVWwyytgffKKWi87VpC2V6bSP4'), ('192', '/::)', '2016-05-18 15:27:48', 'oWWVWw8MYx_4kB3HYX5U3HlaJeew'), ('193', '默默', '2016-05-18 15:29:10', 'oWWVWw8MYx_4kB3HYX5U3HlaJeew'), ('203', '？', '2016-05-19 00:39:40', 'oWWVWwyytgffKKWi87VpC2V6bSP4'), ('204', '年轻人，公众号做的不错', '2016-05-19 00:41:23', 'oWWVWwyytgffKKWi87VpC2V6bSP4'), ('196', '你好', '2016-05-18 15:41:53', 'oWWVWw8MYx_4kB3HYX5U3HlaJeew'), ('206', '/::)', '2016-05-19 00:57:51', 'oWWVWw8MYx_4kB3HYX5U3HlaJeew'), ('198', '嗯', '2016-05-18 15:43:47', 'oWWVWwyytgffKKWi87VpC2V6bSP4'), ('154', '6666', '2016-05-15 22:19:43', 'oWWVWwyytgffKKWi87VpC2V6bSP4'), ('155', '6666666', '2016-05-15 22:19:55', 'oWWVWwyytgffKKWi87VpC2V6bSP4'), ('156', '哈哈哈', '2016-05-15 22:20:00', 'oWWVWwyytgffKKWi87VpC2V6bSP4'), ('157', '艾玛', '2016-05-15 22:36:06', 'oWWVWwyytgffKKWi87VpC2V6bSP4'), ('158', '编码问题也解决了', '2016-05-15 22:36:23', 'oWWVWwyytgffKKWi87VpC2V6bSP4'), ('199', '哈哈', '2016-05-18 15:45:34', 'oWWVWwyytgffKKWi87VpC2V6bSP4'), ('200', '我也收到了', '2016-05-18 15:45:49', 'oWWVWwyytgffKKWi87VpC2V6bSP4'), ('201', '除了6', '2016-05-18 15:46:02', 'oWWVWwyytgffKKWi87VpC2V6bSP4'), ('207', '不失', '2016-05-19 01:23:34', 'oWWVWwyytgffKKWi87VpC2V6bSP4'), ('208', '困死了', '2016-05-19 01:23:36', 'oWWVWwyytgffKKWi87VpC2V6bSP4'), ('209', '早就困了', '2016-05-19 01:23:41', 'oWWVWwyytgffKKWi87VpC2V6bSP4'), ('210', '谢谢', '2016-05-19 01:24:43', 'oWWVWwyytgffKKWi87VpC2V6bSP4'), ('211', '好的', '2016-05-19 01:24:44', 'oWWVWwyytgffKKWi87VpC2V6bSP4'), ('212', '时间太短暂', '2016-05-19 01:24:44', 'oWWVWwyytgffKKWi87VpC2V6bSP4'), ('213', '一天过得太快了', '2016-05-19 01:25:22', 'oWWVWwyytgffKKWi87VpC2V6bSP4'), ('214', '我还不想结束', '2016-05-19 01:25:27', 'oWWVWwyytgffKKWi87VpC2V6bSP4'), ('215', '没钱', '2016-05-20 11:48:58', 'oWWVWwyytgffKKWi87VpC2V6bSP4'), ('216', '月末了', '2016-05-20 11:49:00', 'oWWVWwyytgffKKWi87VpC2V6bSP4'), ('217', '不好过', '2016-05-20 11:49:09', 'oWWVWwyytgffKKWi87VpC2V6bSP4'), ('218', '这', '2016-05-21 14:11:30', 'oWWVWwyytgffKKWi87VpC2V6bSP4'), ('219', '发完了', '2016-05-21 14:16:32', 'oWWVWwyytgffKKWi87VpC2V6bSP4'), ('220', '不是/:,@o', '2016-05-21 14:19:46', 'oWWVWwyytgffKKWi87VpC2V6bSP4'), ('221', '嗯', '2016-05-21 14:33:18', 'oWWVWwyytgffKKWi87VpC2V6bSP4'), ('222', '/:&-(/:&-(/:&-(/:&-(', '2016-05-21 14:35:07', 'oWWVWwyytgffKKWi87VpC2V6bSP4'), ('223', '生命在于折腾', '2016-05-21 14:35:13', 'oWWVWwyytgffKKWi87VpC2V6bSP4'), ('224', '没写', '2016-05-21 14:35:19', 'oWWVWwyytgffKKWi87VpC2V6bSP4'), ('225', '没有', '2016-05-21 14:35:33', 'oWWVWwyytgffKKWi87VpC2V6bSP4'), ('226', '【收到不支持的消息类型，暂无法显示】', '2016-05-21 14:35:45', 'oWWVWwyytgffKKWi87VpC2V6bSP4'), ('227', '【收到不支持的消息类型，暂无法显示】', '2016-05-21 14:35:50', 'oWWVWwyytgffKKWi87VpC2V6bSP4'), ('228', '【收到不支持的消息类型，暂无法显示】', '2016-05-21 14:35:53', 'oWWVWwyytgffKKWi87VpC2V6bSP4'), ('229', '表情包', '2016-05-21 14:36:35', 'oWWVWwyytgffKKWi87VpC2V6bSP4'), ('230', '哈哈', '2016-05-21 14:36:38', 'oWWVWwyytgffKKWi87VpC2V6bSP4'), ('231', '是的', '2016-05-21 14:37:25', 'oWWVWwyytgffKKWi87VpC2V6bSP4'), ('232', '哈哈', '2016-05-21 14:37:30', 'oWWVWwyytgffKKWi87VpC2V6bSP4'), ('233', '【收到不支持的消息类型，暂无法显示】', '2016-05-21 14:37:51', 'oWWVWwyytgffKKWi87VpC2V6bSP4'), ('234', '不是影后吗', '2016-05-21 14:38:09', 'oWWVWwyytgffKKWi87VpC2V6bSP4'), ('235', '收不到才发', '2016-05-21 14:38:20', 'oWWVWwyytgffKKWi87VpC2V6bSP4'), ('236', '【收到不支持的消息类型，暂无法显示】', '2016-05-21 14:38:23', 'oWWVWwyytgffKKWi87VpC2V6bSP4'), ('237', '让你好奇', '2016-05-21 14:38:32', 'oWWVWwyytgffKKWi87VpC2V6bSP4'), ('238', '一下', '2016-05-21 14:38:35', 'oWWVWwyytgffKKWi87VpC2V6bSP4'), ('239', '哈哈哈', '2016-05-21 14:38:37', 'oWWVWwyytgffKKWi87VpC2V6bSP4'), ('240', '你猜我在看什么', '2016-05-21 14:39:04', 'oWWVWwyytgffKKWi87VpC2V6bSP4'), ('241', '填哪个坑', '2016-05-21 14:39:18', 'oWWVWwyytgffKKWi87VpC2V6bSP4');
COMMIT;

-- ----------------------------
--  Table structure for `t_offOrder`
-- ----------------------------
DROP TABLE IF EXISTS `t_offOrder`;
CREATE TABLE `t_offOrder` (
  `offOrder_id` int(11) NOT NULL AUTO_INCREMENT,
  `offOrder_name` varchar(255) DEFAULT NULL,
  `offOrder_address` varchar(255) DEFAULT NULL,
  `offOrder_tel` varchar(255) DEFAULT NULL,
  `offOrder_type` varchar(255) DEFAULT NULL,
  `offOrder_time` timestamp NULL DEFAULT CURRENT_TIMESTAMP,
  `offOrder_color` varchar(255) DEFAULT NULL,
  `offOrder_remark` varchar(255) DEFAULT '',
  PRIMARY KEY (`offOrder_id`)
) ENGINE=MyISAM AUTO_INCREMENT=22 DEFAULT CHARSET=gbk;

-- ----------------------------
--  Records of `t_offOrder`
-- ----------------------------
BEGIN;
INSERT INTO `t_offOrder` VALUES ('1', '刘伟', '黑龙江省哈尔滨市南岗区76号', '13766554439', '换地板', '2016-05-11 19:52:23', 'am-disabled', '暂无备注'), ('2', 'liuwei', 'hei', 'ewe', 'we', '2016-05-11 20:32:35', 'am-primary', '暂无备注'), ('21', '刘伟', '安徽省安庆市', '13010912519', '换地板', '2016-05-16 20:41:09', 'am-warning', '完成不错'), ('12', 'fd', 'fd', 'df', 'df', '2016-05-11 23:42:02', 'am-success', 'df'), ('15', '刘伟', '安徽省安庆市', '15765505994', '换地板', '2016-05-12 09:59:27', 'am-success', '订单完成的不错'), ('18', '刘伟', '哈尔滨南岗区', '15500001111', '换地板', '2016-05-12 17:26:53', 'am-disabled', '装修的不错 我挺喜欢的'), ('19', '奥巴马', '美利坚合众国华盛顿州', '00-1023-0934', '粉刷白宫', '2016-05-12 18:22:57', 'am-active', '奥巴马sssssssddd');
COMMIT;

-- ----------------------------
--  Table structure for `t_order`
-- ----------------------------
DROP TABLE IF EXISTS `t_order`;
CREATE TABLE `t_order` (
  `order_id` int(11) NOT NULL AUTO_INCREMENT,
  `order_name` varchar(255) DEFAULT NULL,
  `order_address` varchar(255) DEFAULT NULL,
  `order_tel` varchar(255) DEFAULT NULL,
  `order_type` varchar(255) DEFAULT NULL,
  `order_time` timestamp NULL DEFAULT CURRENT_TIMESTAMP,
  `open_id` varchar(255) DEFAULT NULL,
  `order_status` int(11) DEFAULT NULL,
  `order_color` varchar(255) DEFAULT NULL,
  `order_remark` varchar(255) DEFAULT NULL,
  `order_timestamp` datetime DEFAULT NULL,
  `order_no` varchar(255) DEFAULT NULL,
  `order_money` varchar(255) DEFAULT NULL,
  `order_contact` varchar(255) DEFAULT NULL,
  `pay_time` varchar(255) DEFAULT NULL,
  PRIMARY KEY (`order_id`)
) ENGINE=MyISAM AUTO_INCREMENT=389 DEFAULT CHARSET=gbk;

-- ----------------------------
--  Records of `t_order`
-- ----------------------------
BEGIN;
INSERT INTO `t_order` VALUES ('165', '刘伟', '黑龙江', '15765505994', '1开关灯具维修换新', '2016-05-14 12:55:42', 'oewxTwnzSf4TXTZBRTzxiLIJiynw', null, 'am-disabled', null, '2016-05-14 12:55:24', '20160514125542661114', '0.01', null, null), ('166', '', '', '15765505994', '1卫浴洁具维修换新', '2016-05-14 13:43:48', 'oewxTwnzSf4TXTZBRTzxiLIJiynw', null, 'am-success', '好久好久', '2016-05-14 13:43:20', '20160514134348465888', '0.01', '1576550594', '2016-05-15 23:26:26'), ('167', '刘伟', '哈尔滨', '15765505994', '1开关灯具维修换新', '2016-05-14 15:30:30', 'oewxTwnzSf4TXTZBRTzxiLIJiynw', null, 'am-warning', null, '2016-05-14 15:30:12', '20160514153030500874', '0.01', '15765505994', '2016-05-15 23:24:24'), ('169', '', '', '13019012519', '1卫浴洁具维修换新', '2016-05-14 18:38:13', 'oewxTwiWWl4jBPHSKMKcf_LATscU', null, 'am-active', null, '2016-05-14 18:37:18', '20160514183813921118', null, null, null), ('170', '', '', '13019012519', '1卫浴洁具维修换新', '2016-05-14 18:38:18', 'oewxTwiWWl4jBPHSKMKcf_LATscU', null, 'am-success', null, '2016-05-14 18:37:18', '20160514183818921184', null, null, null), ('171', '单', '123456', '13030060020', '1卫浴洁具维修换新', '2016-05-14 19:27:21', 'oewxTwjqw7cG9VtaRL3jkW-pVwdk', null, 'am-active', null, '2016-05-14 19:27:05', '20160514192721623967', null, null, null), ('162', '刘伟', '哈尔滨', '15765505994', '1卫浴洁具维修换新', '2016-05-14 12:54:18', 'oewxTwnzSf4TXTZBRTzxiLIJiynw', null, 'am-success', null, '2016-05-14 12:53:57', '20160514125418070866', '0.02', '15765505994', '2016-05-15 23:42:42'), ('163', '刘伟', '哈尔滨', '13019012519', '1地板维修换新', '2016-05-14 12:54:43', 'oewxTwnzSf4TXTZBRTzxiLIJiynw', null, 'am-warning', null, '2016-05-14 12:54:28', '20160514125443339494', '0.01', '13019012519', '2016-05-17 12:25:25'), ('164', '刘伟', '哈尔滨', '15765505994', '1吊顶维修换新', '2016-05-14 12:55:10', 'oewxTwnzSf4TXTZBRTzxiLIJiynw', null, 'am-active', null, '2016-05-14 12:54:51', '20160514125511031522', '0.02', '15765505996', '2016-05-15 23:57:57'), ('181', '', '', '13019012519', '1卫浴洁具维修换新', '2016-05-17 14:45:43', 'oewxTwiWWl4jBPHSKMKcf_LATscU', null, 'am-active', null, '2016-05-17 14:45:32', '20160517144543604946', '0.01', '13019012519', '2016-05-17 17:57:57'), ('156', '', '', '15765505994', '1墙体维修换新', '2016-05-14 12:38:12', 'oewxTwnzSf4TXTZBRTzxiLIJiynw', null, 'am-active', null, '2016-05-14 12:38:10', '20160514123812196753', '0.01', '13033669974', '2016-05-17 11:18:18'), ('157', '', '', '15765505994', '1墙体维修换新', '2016-05-14 12:38:29', 'oewxTwnzSf4TXTZBRTzxiLIJiynw', null, 'am-success', null, '2016-05-14 12:38:28', '20160514123829179197', null, null, null), ('158', '', '', '15765505994', '1墙体维修换新', '2016-05-14 12:39:59', 'oewxTwnzSf4TXTZBRTzxiLIJiynw', null, 'am-warning', null, '2016-05-14 12:39:56', '20160514123959969148', null, null, null), ('159', '', '', '15765505994', '1墙体维修换新', '2016-05-14 12:40:17', 'oewxTwnzSf4TXTZBRTzxiLIJiynw', null, 'am-active', null, '2016-05-14 12:40:15', '20160514124017609421', '0.03', '15765505994', '2016-05-15 23:54:54'), ('160', '', '', '15765505994', '1墙体维修换新', '2016-05-14 12:40:58', 'oewxTwnzSf4TXTZBRTzxiLIJiynw', null, 'am-disabled', null, '2016-05-14 12:40:56', '20160514124058821770', '0.01', '', '2016-05-16 18:46:46'), ('161', '', '', '15765505994', '1墙体维修换新', '2016-05-14 12:41:15', 'oewxTwnzSf4TXTZBRTzxiLIJiynw', null, 'am-success', null, '2016-05-14 12:41:13', '20160514124115375857', null, null, null), ('172', '在', '我', '13019015219', '1开关灯具维修换新', '2016-05-15 22:47:24', 'oewxTwiWWl4jBPHSKMKcf_LATscU', null, 'am-warning', null, '2016-05-15 22:47:07', '20160515224724500043', null, null, null), ('173', '在', '我', '13019015219', '1开关灯具维修换新', '2016-05-15 22:47:30', 'oewxTwiWWl4jBPHSKMKcf_LATscU', null, 'am-disabled', null, '2016-05-15 22:47:07', '20160515224730500024', null, null, null), ('174', '', '', '15765505994', '1吊顶维修换新', '2016-05-16 01:15:39', 'oewxTwnzSf4TXTZBRTzxiLIJiynw', null, 'am-success', null, '2016-05-16 01:15:27', '20160516011539532776', '0.05', '18365199816', '2016-05-16 01:59:59'), ('175', '刘伟', '哈尔滨', '15765505994', '1吊顶维修换新', '2016-05-16 08:55:52', 'oewxTwnzSf4TXTZBRTzxiLIJiynw', null, 'am-active', null, '2016-05-16 08:55:36', '20160516085552460361', '0.01', '', '2016-05-17 20:22:22'), ('176', '', '', '13019012519', '1墙体维修换新', '2016-05-16 22:50:42', 'oewxTwiWWl4jBPHSKMKcf_LATscU', null, 'am-active', null, '2016-05-16 22:50:34', '20160516225042519295', null, null, null), ('177', '', '', '13019012519', '1墙体维修换新', '2016-05-16 22:50:54', 'oewxTwiWWl4jBPHSKMKcf_LATscU', null, 'am-active', null, '2016-05-16 22:50:34', '20160516225054519298', '0.1', '13019012519', '2016-05-16 22:58:58'), ('184', '', '', '15855558739', '1瓷砖维修换新', '2016-05-17 21:37:14', 'oewxTwnzSf4TXTZBRTzxiLIJiynw', null, 'am-active', null, '2016-05-17 21:36:43', '20160517213714726438', null, null, null), ('178', '', '', '13019012519', '1开关灯具维修换新', '2016-05-17 10:46:07', 'oewxTwiWWl4jBPHSKMKcf_LATscU', null, 'am-active', null, '2016-05-17 10:45:58', '20160517104608938859', null, null, null), ('179', '', '', '13019012519', '1开关灯具维修换新', '2016-05-17 10:46:12', 'oewxTwiWWl4jBPHSKMKcf_LATscU', null, 'am-active', null, '2016-05-17 10:45:58', '20160517104613938851', null, null, null), ('180', '', '', '13019012519', '1墙体维修换新', '2016-05-17 12:31:42', 'oewxTwnzSf4TXTZBRTzxiLIJiynw', null, 'am-success', null, '2016-05-17 12:31:22', '20160517123142083598', '0.01', '1234566789', '2016-05-17 12:32:32'), ('182', '马岚', '黑龙江大学', '13019012519', '1卫浴洁具维修换新', '2016-05-17 17:58:55', 'oewxTwiWWl4jBPHSKMKcf_LATscU', null, 'am-active', null, '2016-05-17 17:58:29', '20160517175855737818', null, null, null), ('183', '马岚', '黑龙江大学', '13019012519', '1卫浴洁具维修换新', '2016-05-17 17:58:59', 'oewxTwiWWl4jBPHSKMKcf_LATscU', null, 'am-active', null, '2016-05-17 17:58:29', '20160517175859737898', '0.01', '', '2016-05-17 19:50:50'), ('185', '', '', '15855558739', '1瓷砖维修换新', '2016-05-17 21:37:21', 'oewxTwnzSf4TXTZBRTzxiLIJiynw', null, 'am-active', null, '2016-05-17 21:36:43', '20160517213721726462', null, null, null), ('186', '刘伟', '安徽省安庆市迎江区人民路谐水湾9号楼2单元1005室', '15855558739', '1吊顶维修换新', '2016-05-17 21:39:37', 'oewxTwnzSf4TXTZBRTzxiLIJiynw', null, 'am-active', null, '2016-05-17 21:38:43', '20160517213937210898', null, null, null), ('187', '刘伟', '安徽省安庆市迎江区人民路谐水湾9号楼2单元1005室', '15855558739', '1吊顶维修换新', '2016-05-17 21:39:46', 'oewxTwnzSf4TXTZBRTzxiLIJiynw', null, 'am-active', null, '2016-05-17 21:38:43', '20160517213946210827', null, null, null), ('188', '', '', '13019012519', '1墙体维修换新', '2016-05-17 21:59:58', 'oewxTwiWWl4jBPHSKMKcf_LATscU', null, 'am-active', null, '2016-05-17 21:59:43', '20160517215958404714', null, null, null), ('189', '', '', '13019012519', '1墙体维修换新', '2016-05-17 22:00:13', 'oewxTwiWWl4jBPHSKMKcf_LATscU', null, 'am-active', null, '2016-05-17 21:59:43', '20160517220013404725', null, null, null), ('190', '', '回家咯模样咯无聊咯重于泰山了在我们呕吐在屋头终于来是痛苦咯月呕吐路上咯', ' 13019012519', '2卫浴洁具维修换新', '2016-05-17 22:11:23', 'oewxTwiWWl4jBPHSKMKcf_LATscU', null, 'am-active', null, '2016-05-17 22:10:44', '20160517221123217756', null, null, null), ('191', '', '回家咯模样咯无聊咯重于泰山了在我们呕吐在屋头终于来是痛苦咯月呕吐路上咯', ' 13019012519', '2卫浴洁具维修换新', '2016-05-17 22:11:35', 'oewxTwiWWl4jBPHSKMKcf_LATscU', null, 'am-active', null, '2016-05-17 22:10:44', '20160517221135217727', null, null, null), ('192', '', '来咯哦哦呕吐了图图了旅途下周再旅途兔兔图痛苦中', '13019012519', '1开关灯具维修换新', '2016-05-17 22:12:46', 'oewxTwiWWl4jBPHSKMKcf_LATscU', null, 'am-active', null, '2016-05-17 22:12:22', '20160517221246651995', null, null, null), ('193', '', '来咯哦哦呕吐了图图了旅途下周再旅途兔兔图痛苦中', '13019012519', '1开关灯具维修换新', '2016-05-17 22:12:50', 'oewxTwiWWl4jBPHSKMKcf_LATscU', null, 'am-active', null, '2016-05-17 22:12:22', '20160517221250651926', null, null, null), ('194', '刘伟', '哈尔滨', '15765505994', '1卫浴洁具维修换新', '2016-05-17 22:50:00', 'oewxTwnzSf4TXTZBRTzxiLIJiynw', null, 'am-active', null, '2016-05-17 22:49:40', '20160517225000248035', null, null, null), ('195', '刘伟', '哈尔滨', '15765505994', '1卫浴洁具维修换新', '2016-05-17 22:50:47', 'oewxTwnzSf4TXTZBRTzxiLIJiynw', null, 'am-active', null, '2016-05-17 22:49:40', '20160517225047248076', null, null, null), ('196', '', '', '15765505994', '1卫浴洁具维修换新', '2016-05-17 22:56:53', 'oewxTwnzSf4TXTZBRTzxiLIJiynw', null, 'am-active', null, '2016-05-17 22:56:44', '20160517225653894234', null, null, null), ('197', '', '', '15765505994', '1卫浴洁具维修换新', '2016-05-17 23:09:22', 'oewxTwnzSf4TXTZBRTzxiLIJiynw', null, 'am-active', null, '2016-05-17 23:09:17', '20160517230922056783', null, null, null), ('198', '', '', '15765505994', '1卫浴洁具维修换新', '2016-05-17 23:24:05', 'oewxTwnzSf4TXTZBRTzxiLIJiynw', null, 'am-active', null, '2016-05-17 23:23:51', '20160517232405668588', null, null, null), ('199', '', '', '15765505994', '1卫浴洁具维修换新', '2016-05-17 23:26:30', 'oewxTwnzSf4TXTZBRTzxiLIJiynw', null, 'am-active', null, '2016-05-17 23:26:25', '20160517232630903361', null, null, null), ('200', '王彬', '百度', '15045483290', '1墙体维修换新', '2016-05-17 23:36:18', 'oewxTwjikiT9Lid5cGv92K-OiBm0', null, 'am-active', null, '2016-05-17 23:35:38', '20160517233618933841', null, null, null), ('201', '', '', '15765505994', '1墙体维修换新', '2016-05-17 23:44:55', 'oewxTwnzSf4TXTZBRTzxiLIJiynw', null, 'am-success', null, '2016-05-17 23:44:27', '20160517234455256870', null, null, null), ('202', '', '', '15765505994', '1墙体维修换新', '2016-05-17 23:51:39', 'oewxTwnzSf4TXTZBRTzxiLIJiynw', null, 'am-success', null, '2016-05-17 23:44:27', '20160517235139256827', null, null, null), ('203', '刘伟', '美国', '15765505994', '1墙体维修换新', '2016-05-17 23:53:22', 'oewxTwnzSf4TXTZBRTzxiLIJiynw', null, 'am-success', null, '2016-05-17 23:53:01', '20160517235322996955', null, null, null), ('204', '刘伟', '美国', '15765505994', '1墙体维修换新', '2016-05-17 23:54:33', 'oewxTwnzSf4TXTZBRTzxiLIJiynw', null, 'am-success', null, '2016-05-17 23:53:52', '20160517235433927938', null, null, null), ('205', '', '', '15765505994', '1吊顶维修换新', '2016-05-18 00:00:25', 'oewxTwnzSf4TXTZBRTzxiLIJiynw', null, 'am-warning', null, '2016-05-18 00:00:15', '20160518000025653313', null, null, null), ('206', '', '', '15765505994', '1吊顶维修换新', '2016-05-18 00:05:23', 'oewxTwnzSf4TXTZBRTzxiLIJiynw', null, 'am-success', null, '2016-05-18 00:00:15', '20160518000523653310', null, null, null), ('207', '', '', '15765505994', '1家具维修换新', '2016-05-18 00:06:12', 'oewxTwnzSf4TXTZBRTzxiLIJiynw', null, 'am-success', null, '2016-05-18 00:05:58', '20160518000612747944', null, null, null), ('208', '', '', '15765505994', '1家具维修换新', '2016-05-18 00:06:46', 'oewxTwnzSf4TXTZBRTzxiLIJiynw', null, 'am-success', null, '2016-05-18 00:05:58', '20160518000646747922', null, null, null), ('209', '', '', '15765505994', '1墙体维修换新', '2016-05-18 00:12:08', 'oewxTwnzSf4TXTZBRTzxiLIJiynw', null, 'am-success', null, '2016-05-18 00:11:56', '20160518001208071017', null, null, null), ('210', '', '', '15765505994', '1开关灯具维修换新', '2016-05-18 00:20:06', 'oewxTwnzSf4TXTZBRTzxiLIJiynw', null, 'am-active', null, '2016-05-18 00:19:52', '20160518002006537175', null, null, null), ('211', '马岚', '黑龙江大学', '18845071951', '2开关灯具维修换新', '2016-05-18 00:57:41', 'oewxTwiWWl4jBPHSKMKcf_LATscU', null, 'am-active', null, '2016-05-18 00:57:15', '20160518005741872240', null, null, null), ('212', '马岚', '黑龙江大学', '18845071951', '2开关灯具维修换新', '2016-05-18 00:58:18', 'oewxTwiWWl4jBPHSKMKcf_LATscU', null, 'am-active', null, '2016-05-18 00:57:15', '20160518005818872226', '0.01', '', '2016-05-18 01:03:03'), ('213', '', '', '15765505994', '1墙体维修换新', '2016-05-18 01:01:10', 'oewxTwnzSf4TXTZBRTzxiLIJiynw', null, 'am-active', null, '2016-05-18 01:00:59', '20160518010110900319', null, null, null), ('214', '', '', '15765505994', '1开关灯具维修换新', '2016-05-18 01:02:11', 'oewxTwnzSf4TXTZBRTzxiLIJiynw', null, 'am-active', null, '2016-05-18 01:01:38', '20160518010211209146', null, null, null), ('215', '', '', '15765505994', '1开关灯具维修换新', '2016-05-18 01:02:42', 'oewxTwnzSf4TXTZBRTzxiLIJiynw', null, 'am-active', null, '2016-05-18 01:02:24', '20160518010242035848', null, null, null), ('216', '嗯那', '黑龙江省哈尔滨', '13846367189', '1开关灯具维修换新', '2016-05-18 01:05:19', 'oewxTwiWWl4jBPHSKMKcf_LATscU', null, 'am-active', null, '2016-05-18 01:04:37', '20160518010519352543', null, null, null), ('217', '嗯那', '黑龙江省哈尔滨', '13846367189', '1开关灯具维修换新', '2016-05-18 01:05:24', 'oewxTwiWWl4jBPHSKMKcf_LATscU', null, 'am-active', null, '2016-05-18 01:04:37', '20160518010524352520', null, null, null), ('218', '', '', '15855558739', '1吊顶维修换新', '2016-05-18 01:07:12', 'oewxTwnzSf4TXTZBRTzxiLIJiynw', null, 'am-active', null, '2016-05-18 01:07:05', '20160518010712024685', null, null, null), ('219', '哈哈', '嗯', '13555254567', '1开关灯具维修换新', '2016-05-18 01:11:18', 'oewxTwiWWl4jBPHSKMKcf_LATscU', null, 'am-active', null, '2016-05-18 01:10:31', '20160518011118355815', null, null, null), ('220', '', '', '15765505994', '1吊顶维修换新', '2016-05-18 01:16:55', 'oewxTwnzSf4TXTZBRTzxiLIJiynw', null, 'am-active', null, '2016-05-18 01:16:38', '20160518011655854797', null, null, null), ('221', '', '', '13888888888', '1开关灯具维修换新', '2016-05-18 01:18:17', 'oewxTwiWWl4jBPHSKMKcf_LATscU', null, 'am-active', null, '2016-05-18 01:18:01', '20160518011817126091', null, null, null), ('222', '', '', '13888888888', '1开关灯具维修换新', '2016-05-18 01:18:21', 'oewxTwiWWl4jBPHSKMKcf_LATscU', null, 'am-active', null, '2016-05-18 01:18:01', '20160518011821126014', null, null, null), ('223', '', '', '13666666666', '1墙体维修换新', '2016-05-18 01:19:02', 'oewxTwiWWl4jBPHSKMKcf_LATscU', null, 'am-active', null, '2016-05-18 01:18:50', '20160518011902800882', null, null, null), ('224', '', '', '13666666666', '1墙体维修换新', '2016-05-18 01:19:06', 'oewxTwiWWl4jBPHSKMKcf_LATscU', null, 'am-active', null, '2016-05-18 01:18:50', '20160518011906800879', null, null, null), ('225', '', '', '15765505994', '1开关灯具维修换新', '2016-05-18 01:20:38', 'oewxTwnzSf4TXTZBRTzxiLIJiynw', null, 'am-active', null, '2016-05-18 01:18:56', '20160518012038112822', null, null, null), ('226', '', '', '13019012518', '1墙体维修换新', '2016-05-18 01:20:48', 'oewxTwiWWl4jBPHSKMKcf_LATscU', null, 'am-active', null, '2016-05-18 01:20:21', '20160518012048767431', null, null, null), ('227', '', '', '13019012518', '1墙体维修换新', '2016-05-18 01:20:51', 'oewxTwiWWl4jBPHSKMKcf_LATscU', null, 'am-active', null, '2016-05-18 01:20:21', '20160518012051767422', null, null, null), ('228', '', '', '13222222222', '1开关灯具维修换新', '2016-05-18 01:21:53', 'oewxTwiWWl4jBPHSKMKcf_LATscU', null, 'am-active', null, '2016-05-18 01:21:22', '20160518012154267483', null, null, null), ('229', '', '', '13222222222', '1开关灯具维修换新', '2016-05-18 01:21:58', 'oewxTwiWWl4jBPHSKMKcf_LATscU', null, 'am-active', null, '2016-05-18 01:21:22', '20160518012158267424', null, null, null), ('230', '', '', '13846367188', '1吊顶维修换新', '2016-05-18 01:23:04', 'oewxTwiWWl4jBPHSKMKcf_LATscU', null, 'am-active', null, '2016-05-18 01:22:49', '20160518012304192560', null, null, null), ('231', '', '', '13846367188', '1吊顶维修换新', '2016-05-18 01:23:09', 'oewxTwiWWl4jBPHSKMKcf_LATscU', null, 'am-active', null, '2016-05-18 01:22:49', '20160518012309192593', null, null, null), ('232', '', '', '13777777777', '1开关灯具维修换新', '2016-05-18 01:24:02', 'oewxTwiWWl4jBPHSKMKcf_LATscU', null, 'am-active', null, '2016-05-18 01:23:45', '20160518012402728167', null, null, null), ('233', '', '', '13019012511', '1开关灯具维修换新', '2016-05-18 01:25:14', 'oewxTwiWWl4jBPHSKMKcf_LATscU', null, 'am-active', null, '2016-05-18 01:24:44', '20160518012514091391', null, null, null), ('234', '', '', '13019012511', '1开关灯具维修换新', '2016-05-18 01:25:18', 'oewxTwiWWl4jBPHSKMKcf_LATscU', null, 'am-active', null, '2016-05-18 01:24:44', '20160518012518091383', null, null, null), ('235', '', '', '13019012515', '1开关灯具维修换新', '2016-05-18 01:26:03', 'oewxTwiWWl4jBPHSKMKcf_LATscU', null, 'am-active', null, '2016-05-18 01:25:50', '20160518012603228282', null, null, null), ('236', '', '', '13019012517', '1墙体维修换新', '2016-05-18 01:26:44', 'oewxTwiWWl4jBPHSKMKcf_LATscU', null, 'am-active', null, '2016-05-18 01:26:33', '20160518012644396313', null, null, null), ('237', '', '', '13019012517', '1墙体维修换新', '2016-05-18 01:26:47', 'oewxTwiWWl4jBPHSKMKcf_LATscU', null, 'am-active', null, '2016-05-18 01:26:33', '20160518012647396321', null, null, null), ('238', '', '', '13019012555', '1开关灯具维修换新', '2016-05-18 01:27:18', 'oewxTwiWWl4jBPHSKMKcf_LATscU', null, 'am-active', null, '2016-05-18 01:26:59', '20160518012718698868', null, null, null), ('239', '', '', '13019511111', '1墙体维修换新', '2016-05-18 01:28:21', 'oewxTwiWWl4jBPHSKMKcf_LATscU', null, 'am-active', null, '2016-05-18 01:28:10', '20160518012821386673', null, null, null), ('240', '', '', '13019511111', '1墙体维修换新', '2016-05-18 01:28:27', 'oewxTwiWWl4jBPHSKMKcf_LATscU', null, 'am-active', null, '2016-05-18 01:28:10', '20160518012828386664', null, null, null), ('241', '', '', '13846367888', '1墙体维修换新', '2016-05-18 01:29:33', 'oewxTwiWWl4jBPHSKMKcf_LATscU', null, 'am-active', null, '2016-05-18 01:29:19', '20160518012933574593', null, null, null), ('242', '', '', '13846369999', '1开关灯具维修换新', '2016-05-18 01:30:36', 'oewxTwiWWl4jBPHSKMKcf_LATscU', null, 'am-active', null, '2016-05-18 01:30:24', '20160518013036727726', null, null, null), ('243', '', '', '13846369999', '1开关灯具维修换新', '2016-05-18 01:31:29', 'oewxTwiWWl4jBPHSKMKcf_LATscU', null, 'am-active', null, '2016-05-18 01:30:24', '20160518013129727770', null, null, null), ('244', '', '', '15765505994', '1墙体维修换新', '2016-05-18 01:32:43', 'oewxTwnzSf4TXTZBRTzxiLIJiynw', null, 'am-active', null, '2016-05-18 01:32:36', '20160518013243585516', null, null, null), ('245', '', '', '13999999999', '1墙体维修换新', '2016-05-18 01:33:01', 'oewxTwiWWl4jBPHSKMKcf_LATscU', null, 'am-active', null, '2016-05-18 01:32:51', '20160518013301020971', null, null, null), ('246', '', '', '13612345678', '1家具维修换新', '2016-05-18 01:34:09', 'oewxTwiWWl4jBPHSKMKcf_LATscU', null, 'am-active', null, '2016-05-18 01:33:55', '20160518013409762683', null, null, null), ('247', '', '', '13612345678', '1家具维修换新', '2016-05-18 01:34:26', 'oewxTwiWWl4jBPHSKMKcf_LATscU', null, 'am-active', null, '2016-05-18 01:33:55', '20160518013426762681', null, null, null), ('248', '', '', '13812345678', '1家具维修换新', '2016-05-18 01:34:59', 'oewxTwiWWl4jBPHSKMKcf_LATscU', null, 'am-active', null, '2016-05-18 01:34:47', '20160518013459055241', null, null, null), ('249', '', '', '13812345678', '1家具维修换新', '2016-05-18 01:35:07', 'oewxTwiWWl4jBPHSKMKcf_LATscU', null, 'am-active', null, '2016-05-18 01:34:47', '20160518013507055268', null, null, null), ('250', '', '', '15765585994', '3开关灯具维修换新', '2016-05-18 01:36:26', 'oewxTwnzSf4TXTZBRTzxiLIJiynw', null, 'am-active', null, '2016-05-18 01:36:18', '20160518013626894034', null, null, null), ('251', '', '', '15765585994', '3开关灯具维修换新', '2016-05-18 01:36:34', 'oewxTwnzSf4TXTZBRTzxiLIJiynw', null, 'am-active', null, '2016-05-18 01:36:18', '20160518013634894076', null, null, null), ('252', '', '', '13000000000', '1墙体维修换新', '2016-05-18 01:36:54', 'oewxTwiWWl4jBPHSKMKcf_LATscU', null, 'am-active', null, '2016-05-18 01:36:39', '20160518013654367181', null, null, null), ('253', '', '', '13000000000', '1墙体维修换新', '2016-05-18 01:36:58', 'oewxTwiWWl4jBPHSKMKcf_LATscU', null, 'am-active', null, '2016-05-18 01:36:39', '20160518013658367197', null, null, null), ('254', '', '', '13000000000', '1墙体维修换新', '2016-05-18 01:37:06', 'oewxTwiWWl4jBPHSKMKcf_LATscU', null, 'am-active', null, '2016-05-18 01:36:39', '20160518013706367156', null, null, null), ('255', '', '', '13000000000', '1墙体维修换新', '2016-05-18 01:37:11', 'oewxTwiWWl4jBPHSKMKcf_LATscU', null, 'am-active', null, '2016-05-18 01:36:39', '20160518013711367113', null, null, null), ('256', '', '', '13000000000', '1墙体维修换新', '2016-05-18 01:37:16', 'oewxTwiWWl4jBPHSKMKcf_LATscU', null, 'am-active', null, '2016-05-18 01:36:39', '20160518013716367132', null, null, null), ('257', '', '', '13555555555', '1卫浴洁具维修换新', '2016-05-18 01:39:56', 'oewxTwiWWl4jBPHSKMKcf_LATscU', null, 'am-active', null, '2016-05-18 01:39:46', '20160518013956967161', null, null, null), ('258', '', '', '13019512519', '1墙体维修换新', '2016-05-18 01:41:23', 'oewxTwiWWl4jBPHSKMKcf_LATscU', null, 'am-active', null, '2016-05-18 01:41:09', '20160518014123196566', null, null, null), ('259', '', '', '15765505994', '1开关灯具维修换新', '2016-05-18 01:42:19', 'oewxTwnzSf4TXTZBRTzxiLIJiynw', null, 'am-active', null, '2016-05-18 01:42:10', '20160518014219963118', null, null, null), ('260', '', '', '13544444466', '1墙体维修换新', '2016-05-18 01:42:32', 'oewxTwiWWl4jBPHSKMKcf_LATscU', null, 'am-active', null, '2016-05-18 01:42:19', '20160518014232715617', null, null, null), ('261', '', '', '15765505994', '1开关灯具维修换新', '2016-05-18 01:43:09', 'oewxTwnzSf4TXTZBRTzxiLIJiynw', null, 'am-active', null, '2016-05-18 01:43:06', '20160518014309299638', null, null, null), ('262', '', '', '15765505994', '1卫浴洁具维修换新', '2016-05-18 09:00:01', 'oewxTwnzSf4TXTZBRTzxiLIJiynw', null, 'am-active', null, '2016-05-18 08:59:50', '20160518090001430873', null, null, null), ('263', '', '', '15765505994', '1卫浴洁具维修换新', '2016-05-18 09:00:38', 'oewxTwnzSf4TXTZBRTzxiLIJiynw', null, 'am-active', null, '2016-05-18 09:00:36', '20160518090038772229', null, null, null), ('264', '', '', '15765505994', '1卫浴洁具维修换新', '2016-05-18 09:01:06', 'oewxTwnzSf4TXTZBRTzxiLIJiynw', null, 'am-active', null, '2016-05-18 09:01:04', '20160518090106545051', null, null, null), ('265', '', '', '15765505994', '1墙体维修换新', '2016-05-18 09:02:33', 'oewxTwnzSf4TXTZBRTzxiLIJiynw', null, 'am-active', null, '2016-05-18 09:02:24', '20160518090233848941', null, null, null), ('266', '', '', '15765505994', '1墙体维修换新', '2016-05-18 09:04:30', 'oewxTwnzSf4TXTZBRTzxiLIJiynw', null, 'am-active', null, '2016-05-18 09:04:19', '20160518090430315778', null, null, null), ('267', '', '', '15765505994', '1吊顶维修换新', '2016-05-18 09:06:25', 'oewxTwnzSf4TXTZBRTzxiLIJiynw', null, 'am-active', null, '2016-05-18 09:06:18', '20160518090625793018', null, null, null), ('268', '', '', '15765505994', '1开关灯具维修换新', '2016-05-18 09:16:54', 'oewxTwnzSf4TXTZBRTzxiLIJiynw', null, 'am-active', null, '2016-05-18 09:16:44', '20160518091654654786', '0.01', '', '2016-05-18 09:17:17'), ('269', '', '', '15765859842', '1吊顶维修换新', '2016-05-18 09:19:16', 'oewxTwnzSf4TXTZBRTzxiLIJiynw', null, 'am-active', null, '2016-05-18 09:19:07', '20160518091916043455', null, null, null), ('270', '', '', '15765505994', '1卫浴洁具维修换新', '2016-05-18 09:23:35', 'oewxTwnzSf4TXTZBRTzxiLIJiynw', null, 'am-active', null, '2016-05-18 09:23:26', '20160518092335754510', null, null, null), ('271', '', '', '15765505994', '1墙体维修换新', '2016-05-18 09:25:22', 'oewxTwnzSf4TXTZBRTzxiLIJiynw', null, 'am-active', null, '2016-05-18 09:25:09', '20160518092522326516', null, null, null), ('272', '', '', '15765505994', '1墙体维修换新', '2016-05-18 09:36:05', 'oewxTwnzSf4TXTZBRTzxiLIJiynw', null, 'am-active', null, '2016-05-18 09:35:56', '20160518093605415254', '0.01', '', '2016-05-18 09:42:42'), ('273', '', '', '15765505994', '1开关灯具维修换新', '2016-05-18 09:47:53', 'oewxTwnzSf4TXTZBRTzxiLIJiynw', null, 'am-active', null, '2016-05-18 09:47:44', '20160518094753385949', null, null, null), ('274', '', '', '15765505994', '1吊顶维修换新', '2016-05-18 11:15:12', 'oewxTwnzSf4TXTZBRTzxiLIJiynw', null, 'am-active', null, '2016-05-18 11:14:56', '20160518111512845263', null, null, null), ('275', '', '', '15765505994', '1吊顶维修换新', '2016-05-18 11:16:32', 'oewxTwnzSf4TXTZBRTzxiLIJiynw', null, 'am-active', null, '2016-05-18 11:16:30', '20160518111632024110', null, null, null), ('276', '', '', '15765505994', '1开关灯具维修换新', '2016-05-18 11:17:08', 'oewxTwnzSf4TXTZBRTzxiLIJiynw', null, 'am-active', null, '2016-05-18 11:17:01', '20160518111708680119', null, null, null), ('277', '', '', '15765505994', '1吊顶维修换新', '2016-05-18 11:21:00', 'oewxTwnzSf4TXTZBRTzxiLIJiynw', null, 'am-active', null, '2016-05-18 11:20:53', '20160518112100433788', null, null, null), ('278', '', '', '15765094642', '1家具维修换新', '2016-05-18 11:21:29', 'oewxTwnzSf4TXTZBRTzxiLIJiynw', null, 'am-active', null, '2016-05-18 11:21:18', '20160518112129437516', null, null, null), ('279', '', '', '15765505994', '1吊顶维修换新', '2016-05-18 11:23:23', 'oewxTwnzSf4TXTZBRTzxiLIJiynw', null, 'am-active', null, '2016-05-18 11:23:16', '20160518112323621210', null, null, null), ('280', '', '', '15765505994', '1吊顶维修换新', '2016-05-18 11:23:46', 'oewxTwnzSf4TXTZBRTzxiLIJiynw', null, 'am-active', null, '2016-05-18 11:23:44', '20160518112346520185', null, null, null), ('281', '', '', '15765505994', '1吊顶维修换新', '2016-05-18 11:23:52', 'oewxTwnzSf4TXTZBRTzxiLIJiynw', null, 'am-active', null, '2016-05-18 11:23:50', '20160518112352612382', null, null, null), ('282', '', '', '15765505994', '1吊顶维修换新', '2016-05-18 11:24:09', 'oewxTwnzSf4TXTZBRTzxiLIJiynw', null, 'am-active', null, '2016-05-18 11:24:07', '20160518112409822942', null, null, null), ('283', '', '', '15765505994', '1吊顶维修换新', '2016-05-18 11:24:33', 'oewxTwnzSf4TXTZBRTzxiLIJiynw', null, 'am-active', null, '2016-05-18 11:24:23', '20160518112433918372', null, null, null), ('284', '', '', '15765505994', '1吊顶维修换新', '2016-05-18 11:25:03', 'oewxTwnzSf4TXTZBRTzxiLIJiynw', null, 'am-active', null, '2016-05-18 11:25:00', '20160518112503956185', null, null, null), ('285', '', '', '15765505994', '1吊顶维修换新', '2016-05-18 11:25:57', 'oewxTwnzSf4TXTZBRTzxiLIJiynw', null, 'am-active', null, '2016-05-18 11:25:56', '20160518112557167162', null, null, null), ('286', '', '', '15765505994', '1吊顶维修换新', '2016-05-18 11:26:08', 'oewxTwnzSf4TXTZBRTzxiLIJiynw', null, 'am-active', null, '2016-05-18 11:26:07', '20160518112608158544', null, null, null), ('287', '', '', '15765505994', '1吊顶维修换新', '2016-05-18 11:36:34', 'oewxTwnzSf4TXTZBRTzxiLIJiynw', null, 'am-active', null, '2016-05-18 11:26:29', '20160518113634422530', null, null, null), ('288', '', '', '15765505994', '1吊顶维修换新', '2016-05-18 11:36:59', 'oewxTwnzSf4TXTZBRTzxiLIJiynw', null, 'am-active', null, '2016-05-18 11:36:57', '20160518113659500240', null, null, null), ('289', '', '', '15765505994', '1吊顶维修换新', '2016-05-18 11:37:25', 'oewxTwnzSf4TXTZBRTzxiLIJiynw', null, 'am-active', null, '2016-05-18 11:37:19', '20160518113725636539', null, null, null), ('290', '', '', '15765505994', '1吊顶维修换新', '2016-05-18 11:37:38', 'oewxTwnzSf4TXTZBRTzxiLIJiynw', null, 'am-active', null, '2016-05-18 11:37:37', '20160518113738329942', null, null, null), ('291', '', '', '15765505994', '1吊顶维修换新', '2016-05-18 11:50:43', 'oewxTwnzSf4TXTZBRTzxiLIJiynw', null, 'am-active', null, '2016-05-18 11:50:41', '20160518115043505616', null, null, null), ('292', '', '', '15765505994', '1吊顶维修换新', '2016-05-18 11:51:09', 'oewxTwnzSf4TXTZBRTzxiLIJiynw', null, 'am-active', null, '2016-05-18 11:51:01', '20160518115109382848', null, null, null), ('293', '', '', '15765505994', '1吊顶维修换新', '2016-05-18 11:56:33', 'oewxTwnzSf4TXTZBRTzxiLIJiynw', null, 'am-active', null, '2016-05-18 11:56:31', '20160518115633631995', null, null, null), ('294', '', '', '15765505994', '1吊顶维修换新', '2016-05-18 11:56:46', 'oewxTwnzSf4TXTZBRTzxiLIJiynw', null, 'am-active', null, '2016-05-18 11:56:44', '20160518115646655542', null, null, null), ('295', '', '', '15765505994', '1墙体维修换新', '2016-05-18 12:06:31', 'oewxTwnzSf4TXTZBRTzxiLIJiynw', null, 'am-active', null, '2016-05-18 12:06:22', '20160518120631473165', null, null, null), ('296', '', '', '15765505994', '1墙体维修换新', '2016-05-18 12:07:36', 'oewxTwnzSf4TXTZBRTzxiLIJiynw', null, 'am-active', null, '2016-05-18 12:07:34', '20160518120736996774', null, null, null), ('297', '', '', '15765505994', '1墙体维修换新', '2016-05-18 12:08:00', 'oewxTwnzSf4TXTZBRTzxiLIJiynw', null, 'am-active', null, '2016-05-18 12:07:55', '20160518120800620578', null, null, null), ('298', '', '', '15765505994', '1墙体维修换新', '2016-05-18 12:08:17', 'oewxTwnzSf4TXTZBRTzxiLIJiynw', null, 'am-active', null, '2016-05-18 12:08:11', '20160518120817863815', null, null, null), ('299', '', '', '15765505994', '1墙体维修换新', '2016-05-18 12:08:41', 'oewxTwnzSf4TXTZBRTzxiLIJiynw', null, 'am-active', null, '2016-05-18 12:08:39', '20160518120841043314', null, null, null), ('300', '', '', '15765505994', '1墙体维修换新', '2016-05-18 12:09:00', 'oewxTwnzSf4TXTZBRTzxiLIJiynw', null, 'am-active', null, '2016-05-18 12:08:56', '20160518120900416534', null, null, null), ('301', '', '', '15765505994', '1墙体维修换新', '2016-05-18 12:09:22', 'oewxTwnzSf4TXTZBRTzxiLIJiynw', null, 'am-active', null, '2016-05-18 12:09:08', '20160518120922355448', null, null, null), ('302', '', '', '15765505994', '1墙体维修换新', '2016-05-18 12:09:36', 'oewxTwnzSf4TXTZBRTzxiLIJiynw', null, 'am-active', null, '2016-05-18 12:09:34', '20160518120936662584', null, null, null), ('303', '', '', '15765505994', '1墙体维修换新', '2016-05-18 12:10:15', 'oewxTwnzSf4TXTZBRTzxiLIJiynw', null, 'am-active', null, '2016-05-18 12:10:14', '20160518121015207147', null, null, null), ('304', '', '', '15765505994', '1墙体维修换新', '2016-05-18 12:10:43', 'oewxTwnzSf4TXTZBRTzxiLIJiynw', null, 'am-active', null, '2016-05-18 12:10:39', '20160518121043529397', null, null, null), ('305', '', '', '15765505994', '1墙体维修换新', '2016-05-18 12:10:57', 'oewxTwnzSf4TXTZBRTzxiLIJiynw', null, 'am-active', null, '2016-05-18 12:10:55', '20160518121057940244', null, null, null), ('306', '', '', '15765505994', '1墙体维修换新', '2016-05-18 12:11:35', 'oewxTwnzSf4TXTZBRTzxiLIJiynw', null, 'am-active', null, '2016-05-18 12:11:33', '20160518121135894438', null, null, null), ('307', '', '', '15765505994', '1墙体维修换新', '2016-05-18 12:13:12', 'oewxTwnzSf4TXTZBRTzxiLIJiynw', null, 'am-active', null, '2016-05-18 12:13:11', '20160518121312015415', null, null, null), ('308', '', '', '15765505994', '1墙体维修换新', '2016-05-18 12:14:00', 'oewxTwnzSf4TXTZBRTzxiLIJiynw', null, 'am-active', null, '2016-05-18 12:13:58', '20160518121400321028', null, null, null), ('309', '', '', '15765505994', '1墙体维修换新', '2016-05-18 12:14:42', 'oewxTwnzSf4TXTZBRTzxiLIJiynw', null, 'am-active', null, '2016-05-18 12:14:40', '20160518121442610335', null, null, null), ('310', '', '', '15765505994', '1墙体维修换新', '2016-05-18 12:15:21', 'oewxTwnzSf4TXTZBRTzxiLIJiynw', null, 'am-active', null, '2016-05-18 12:15:19', '20160518121521787072', null, null, null), ('311', '', '', '15765505994', '1墙体维修换新', '2016-05-18 12:16:10', 'oewxTwnzSf4TXTZBRTzxiLIJiynw', null, 'am-active', null, '2016-05-18 12:16:08', '20160518121610828029', null, null, null), ('312', '', '', '15765505994', '1墙体维修换新', '2016-05-18 12:28:26', 'oewxTwnzSf4TXTZBRTzxiLIJiynw', null, 'am-active', null, '2016-05-18 12:28:25', '20160518122826035626', null, null, null), ('313', '', '', '15765505994', '1墙体维修换新', '2016-05-18 12:30:02', 'oewxTwnzSf4TXTZBRTzxiLIJiynw', null, 'am-active', null, '2016-05-18 12:30:00', '20160518123002893455', null, null, null), ('314', '', '', '15765505994', '1墙体维修换新', '2016-05-18 12:31:14', 'oewxTwnzSf4TXTZBRTzxiLIJiynw', null, 'am-active', null, '2016-05-18 12:31:07', '20160518123114642186', null, null, null), ('315', '', '', '15765505994', '1墙体维修换新', '2016-05-18 12:32:09', 'oewxTwnzSf4TXTZBRTzxiLIJiynw', null, 'am-active', null, '2016-05-18 12:32:08', '20160518123209045681', null, null, null), ('316', '', '', '15765505994', '1墙体维修换新', '2016-05-18 12:32:52', 'oewxTwnzSf4TXTZBRTzxiLIJiynw', null, 'am-active', null, '2016-05-18 12:32:38', '20160518123252413437', null, null, null), ('317', '', '', '15765505994', '1墙体维修换新', '2016-05-18 12:39:15', 'oewxTwnzSf4TXTZBRTzxiLIJiynw', null, 'am-warning', null, '2016-05-18 12:39:12', '20160518123915771226', null, null, null), ('318', '', '', '15765505994', '1墙体维修换新', '2016-05-18 12:58:03', 'oewxTwnzSf4TXTZBRTzxiLIJiynw', null, 'am-active', null, '2016-05-18 12:58:02', '20160518125803126263', null, null, null), ('319', '', '', '15765505994', '1墙体维修换新', '2016-05-18 13:05:53', 'oewxTwnzSf4TXTZBRTzxiLIJiynw', null, 'am-active', null, '2016-05-18 13:05:51', '20160518130553562012', null, null, null), ('320', '', '', '15765505994', '1墙体维修换新', '2016-05-18 13:06:14', 'oewxTwnzSf4TXTZBRTzxiLIJiynw', null, 'am-active', null, '2016-05-18 13:06:13', '20160518130614047953', null, null, null), ('321', '', '', '15765505994', '1墙体维修换新', '2016-05-18 13:06:58', 'oewxTwnzSf4TXTZBRTzxiLIJiynw', null, 'am-active', null, '2016-05-18 13:06:57', '20160518130658117518', null, null, null), ('322', '', '', '15765505994', '1墙体维修换新', '2016-05-18 13:07:34', 'oewxTwnzSf4TXTZBRTzxiLIJiynw', null, 'am-active', null, '2016-05-18 13:07:32', '20160518130734916759', null, null, null), ('323', '', '', '15765505994', '1墙体维修换新', '2016-05-18 13:08:10', 'oewxTwnzSf4TXTZBRTzxiLIJiynw', null, 'am-active', null, '2016-05-18 13:08:09', '20160518130810003782', null, null, null), ('324', '', '', '15765505994', '1墙体维修换新', '2016-05-18 13:08:41', 'oewxTwnzSf4TXTZBRTzxiLIJiynw', null, 'am-active', null, '2016-05-18 13:08:40', '20160518130841166061', null, null, null), ('325', '', '', '15765505994', '1墙体维修换新', '2016-05-18 13:09:48', 'oewxTwnzSf4TXTZBRTzxiLIJiynw', null, 'am-disabled', null, '2016-05-18 13:09:46', '20160518130948986575', null, null, null), ('326', '', '', '15765505994', '1墙体维修换新', '2016-05-18 13:10:31', 'oewxTwnzSf4TXTZBRTzxiLIJiynw', null, 'am-active', null, '2016-05-18 13:10:29', '20160518131031596799', null, null, null), ('327', '', '', '15765505994', '1墙体维修换新', '2016-05-18 13:11:50', 'oewxTwnzSf4TXTZBRTzxiLIJiynw', null, 'am-disabled', null, '2016-05-18 13:11:48', '20160518131150849546', null, null, null), ('328', '', '', '15765505994', '1墙体维修换新', '2016-05-18 13:12:45', 'oewxTwnzSf4TXTZBRTzxiLIJiynw', null, 'am-active', null, '2016-05-18 13:12:44', '20160518131245300755', null, null, null), ('329', '', '', '15765505994', '1墙体维修换新', '2016-05-18 13:13:11', 'oewxTwnzSf4TXTZBRTzxiLIJiynw', null, 'am-disabled', null, '2016-05-18 13:13:10', '20160518131311232689', null, null, null), ('330', '', '', '15765505994', '1墙体维修换新', '2016-05-18 13:13:42', 'oewxTwnzSf4TXTZBRTzxiLIJiynw', null, 'am-active', null, '2016-05-18 13:13:41', '20160518131342597882', null, null, null), ('331', '', '', '15765505994', '1墙体维修换新', '2016-05-18 13:23:34', 'oewxTwnzSf4TXTZBRTzxiLIJiynw', null, 'am-disabled', null, '2016-05-18 13:23:32', '20160518132334107135', null, null, null), ('332', '', '', '15765505994', '1墙体维修换新', '2016-05-18 13:24:29', 'oewxTwnzSf4TXTZBRTzxiLIJiynw', null, 'am-disabled', null, '2016-05-18 13:24:21', '20160518132429627269', null, null, null), ('333', '', '', '15765505994', '1墙体维修换新', '2016-05-18 13:25:22', 'oewxTwnzSf4TXTZBRTzxiLIJiynw', null, 'am-disabled', null, '2016-05-18 13:25:20', '20160518132522288452', null, null, null), ('334', '', '', '15765505994', '1墙体维修换新', '2016-05-18 13:27:30', 'oewxTwnzSf4TXTZBRTzxiLIJiynw', null, 'am-disabled', null, '2016-05-18 13:27:18', '20160518132730594457', null, null, null), ('335', '', '', '15765505994', '1开关灯具维修换新', '2016-05-18 13:36:22', 'oewxTwnzSf4TXTZBRTzxiLIJiynw', null, 'am-active', null, '2016-05-18 13:36:13', '20160518133622825234', null, null, null), ('336', '', '', '15765505994', '1开关灯具维修换新', '2016-05-18 13:37:03', 'oewxTwnzSf4TXTZBRTzxiLIJiynw', null, 'am-active', null, '2016-05-18 13:37:01', '20160518133703413551', null, null, null), ('337', '', '', '15765505994', '1开关灯具维修换新', '2016-05-18 13:37:20', 'oewxTwnzSf4TXTZBRTzxiLIJiynw', null, 'am-active', null, '2016-05-18 13:37:19', '20160518133720282024', null, null, null), ('338', '', '', '15765505994', '1开关灯具维修换新', '2016-05-18 13:40:37', 'oewxTwnzSf4TXTZBRTzxiLIJiynw', null, 'am-active', null, '2016-05-18 13:40:32', '20160518134037587046', null, null, null), ('339', '', '', '15765505994', '1开关灯具维修换新', '2016-05-18 13:40:55', 'oewxTwnzSf4TXTZBRTzxiLIJiynw', null, 'am-active', null, '2016-05-18 13:40:48', '20160518134055627467', null, null, null), ('340', '', '', '15765505994', '1开关灯具维修换新', '2016-05-18 13:41:42', 'oewxTwnzSf4TXTZBRTzxiLIJiynw', null, 'am-active', null, '2016-05-18 13:41:27', '20160518134142122793', null, null, null), ('341', '', '', '15765505994', '1开关灯具维修换新', '2016-05-18 13:42:47', 'oewxTwnzSf4TXTZBRTzxiLIJiynw', null, 'am-active', null, '2016-05-18 13:42:37', '20160518134247936022', null, null, null), ('342', '', '', '15765505994', '1开关灯具维修换新', '2016-05-18 13:43:04', 'oewxTwnzSf4TXTZBRTzxiLIJiynw', null, 'am-active', null, '2016-05-18 13:43:03', '20160518134304187076', null, null, null), ('343', '', '', '15765505994', '1开关灯具维修换新', '2016-05-18 14:33:59', 'oewxTwnzSf4TXTZBRTzxiLIJiynw', null, 'am-active', null, '2016-05-18 14:33:53', '20160518143359545479', null, null, null), ('344', '', '', '15765505994', '1墙体维修换新', '2016-05-18 14:55:03', 'oewxTwnzSf4TXTZBRTzxiLIJiynw', null, 'am-active', null, '2016-05-18 14:54:57', '20160518145503258667', null, null, null), ('345', '', '', '15765505994', '1墙体维修换新', '2016-05-18 14:55:41', 'oewxTwnzSf4TXTZBRTzxiLIJiynw', null, 'am-active', null, '2016-05-18 14:55:38', '20160518145541958470', '0.01', '', '2016-05-18 15:07:07'), ('346', '', '', '13016012519', '1墙体维修换新', '2016-05-18 14:59:03', 'oWWVWwyytgffKKWi87VpC2V6bSP4', null, 'am-active', null, '2016-05-18 14:58:54', '20160518145903241534', null, null, null), ('347', '', '', '13019012519', '1墙体维修换新', '2016-05-18 14:59:53', 'oWWVWwyytgffKKWi87VpC2V6bSP4', null, 'am-active', null, '2016-05-18 14:59:44', '20160518145953444448', '0.01', '', '2016-05-18 15:07:07'), ('348', '刘伟', '黑龙江省哈尔滨市南岗区', '15765505994', '1家具维修换新', '2016-05-18 15:11:16', 'oewxTwnzSf4TXTZBRTzxiLIJiynw', null, 'am-active', null, '2016-05-18 15:10:51', '20160518151116409819', null, null, null), ('349', '刘伟', '黑龙江哈尔滨南岗区', '15765505994', '1墙体维修换新', '2016-05-18 15:13:48', 'oewxTwnzSf4TXTZBRTzxiLIJiynw', null, 'am-active', null, '2016-05-18 15:13:22', '20160518151348784922', null, null, null), ('350', '', '', '15765505994', '1开关灯具维修换新', '2016-05-18 15:35:53', 'oewxTwnzSf4TXTZBRTzxiLIJiynw', null, 'am-active', null, '2016-05-18 15:35:45', '20160518153553325896', null, null, null), ('351', '', '', '15765505994', '1开关灯具维修换新', '2016-05-18 15:36:28', 'oewxTwnzSf4TXTZBRTzxiLIJiynw', null, 'am-active', null, '2016-05-18 15:36:26', '20160518153628792546', null, null, null), ('352', '', '', '15765505994', '1开关灯具维修换新', '2016-05-18 15:36:47', 'oewxTwnzSf4TXTZBRTzxiLIJiynw', null, 'am-disabled', null, '2016-05-18 15:36:45', '20160518153647945617', null, null, null), ('353', '', '', '15765505994', '1吊顶维修换新', '2016-05-18 15:42:32', 'oewxTwnzSf4TXTZBRTzxiLIJiynw', null, 'am-active', null, '2016-05-18 15:42:18', '20160518154232485739', null, null, null), ('354', '', '', '15765505994', '1墙体维修换新', '2016-05-18 15:46:31', 'oewxTwnzSf4TXTZBRTzxiLIJiynw', null, 'am-active', null, '2016-05-18 15:46:24', '20160518154631666624', null, null, null), ('355', '', '', '15765505994', '1家具维修换新', '2016-05-18 16:38:25', 'oewxTwnzSf4TXTZBRTzxiLIJiynw', null, 'am-active', null, '2016-05-18 16:38:06', '20160518163825993897', null, null, null), ('356', '', '', '15765505994', '1家具维修换新', '2016-05-18 16:40:54', 'oewxTwnzSf4TXTZBRTzxiLIJiynw', null, 'am-active', null, '2016-05-18 16:40:52', '20160518164054307049', null, null, null), ('357', '', '', '15765505994', '1家具维修换新', '2016-05-18 16:41:06', 'oewxTwnzSf4TXTZBRTzxiLIJiynw', null, 'am-active', null, '2016-05-18 16:41:04', '20160518164106560148', null, null, null), ('358', '', '', '15765505994', '1家具维修换新', '2016-05-18 16:41:27', 'oewxTwnzSf4TXTZBRTzxiLIJiynw', null, 'am-active', null, '2016-05-18 16:41:25', '20160518164127702494', null, null, null), ('359', '', '', '15765505994', '1墙体维修换新', '2016-05-18 19:31:17', 'oWWVWw8MYx_4kB3HYX5U3HlaJeew', null, 'am-active', null, '2016-05-18 19:31:09', '20160518193118130410', null, null, null), ('360', '', '', '15765505994', '1吊顶维修换新', '2016-05-18 21:39:00', 'oWWVWw8MYx_4kB3HYX5U3HlaJeew', null, 'am-warning', null, '2016-05-18 21:38:49', '20160518213900134072', '0.01', '', '2016-05-18 21:40:40'), ('361', '', '', '13019012519', '1家具维修换新', '2016-05-19 00:40:10', 'oWWVWwyytgffKKWi87VpC2V6bSP4', null, 'am-active', null, '2016-05-19 00:40:02', '20160519004010817554', '0.01', '', '2016-05-19 00:40:40'), ('362', '0', '0', '0', '0', '2016-05-19 00:40:13', '0', null, 'am-warning', null, '0000-00-00 00:00:00', '2016051900401384', null, null, null), ('363', '0', '0', '0', '0', '2016-05-19 00:40:13', '0', null, 'am-disabled', null, '0000-00-00 00:00:00', '2016051900401350', null, null, null), ('364', '', '', '15765505991', '1墙体维修换新', '2016-05-19 00:41:20', 'oWWVWw8MYx_4kB3HYX5U3HlaJeew', null, 'am-active', null, '2016-05-19 00:41:09', '20160519004120067836', null, null, null), ('365', '', '', '13019011901', '1开关灯具维修换新', '2016-05-19 00:44:42', 'oWWVWwyytgffKKWi87VpC2V6bSP4', null, 'am-active', null, '2016-05-19 00:44:26', '20160519004442398667', null, null, null), ('366', '', '', '15765505994', '1开关灯具维修换新', '2016-05-19 00:49:33', 'oWWVWw8MYx_4kB3HYX5U3HlaJeew', null, 'am-active', null, '2016-05-19 00:49:27', '20160519004933045814', null, null, null), ('367', '', '', '15765505994', '1开关灯具维修换新', '2016-05-19 00:49:50', 'oWWVWw8MYx_4kB3HYX5U3HlaJeew', null, 'am-active', null, '2016-05-19 00:49:48', '20160519004950557423', null, null, null), ('368', '', '', '15765505994', '1开关灯具维修换新', '2016-05-19 00:50:30', 'oWWVWw8MYx_4kB3HYX5U3HlaJeew', null, 'am-active', null, '2016-05-19 00:50:27', '20160519005030999084', null, null, null), ('369', '刘伟', '哈尔滨', '15765505994', '1开关灯具维修换新', '2016-05-19 00:59:51', 'oWWVWw8MYx_4kB3HYX5U3HlaJeew', null, 'am-active', null, '2016-05-19 00:59:35', '20160519005951206725', null, null, null), ('370', '', '', '15765505994', '1开关灯具维修换新', '2016-05-19 01:01:50', 'oWWVWw8MYx_4kB3HYX5U3HlaJeew', null, 'am-active', null, '2016-05-19 01:01:44', '20160519010150071616', null, null, null), ('371', '', '', '15765505994', '1开关灯具维修换新', '2016-05-19 01:06:33', 'oWWVWw8MYx_4kB3HYX5U3HlaJeew', null, 'am-active', null, '2016-05-19 01:06:26', '20160519010633604783', null, null, null), ('372', '', '', '15765505994', '1开关灯具维修换新', '2016-05-19 01:07:41', 'oWWVWw8MYx_4kB3HYX5U3HlaJeew', null, 'am-active', null, '2016-05-19 01:07:35', '20160519010741116480', null, null, null), ('373', '', '', '13019012519', '1吊顶维修换新', '2016-05-19 01:08:56', 'oWWVWw8MYx_4kB3HYX5U3HlaJeew', null, 'am-active', null, '2016-05-19 01:08:49', '20160519010856058833', null, null, null), ('374', 'liuwei', 'china', '15765505994', '1开关灯具维修换新', '2016-05-19 01:10:55', 'oWWVWw8MYx_4kB3HYX5U3HlaJeew', null, 'am-active', null, '2016-05-19 01:10:39', '20160519011055683636', null, null, null), ('375', '刘伟', '哈尔滨', '15765505994', '1墙体维修换新', '2016-05-19 11:47:46', 'oWWVWw8MYx_4kB3HYX5U3HlaJeew', null, 'am-active', null, '2016-05-19 11:47:10', '20160519114746176716', null, null, null), ('376', '', '', '15765505994', '1开关灯具维修换新', '2016-05-19 20:50:46', 'oWWVWw8MYx_4kB3HYX5U3HlaJeew', null, 'am-active', null, '2016-05-19 20:50:38', '20160519205046159011', null, null, null), ('377', '', '', '13019012519', '1卫浴洁具维修换新', '2016-05-19 22:09:03', 'oWWVWwyytgffKKWi87VpC2V6bSP4', null, 'am-active', null, '2016-05-19 22:08:55', '20160519220904157548', null, null, null), ('378', '', '', '13555237095', '1开关灯具维修换新', '2016-05-19 22:53:17', 'oWWVWw9eHlXWuv3KwhdwfnvI5fqA', null, 'am-active', null, '2016-05-19 22:52:56', '20160519225318514297', '1', '13555237095', '2016-05-19 22:55:55'), ('379', '', '', '15765505994', '1卫浴洁具维修换新', '2016-05-20 08:52:00', 'oWWVWw8MYx_4kB3HYX5U3HlaJeew', null, 'am-success', null, '2016-05-20 08:51:50', '20160520085201773431', '0.01', '', '2016-05-21 14:02:02'), ('380', ' ', '', '13019012519', '1开关灯具维修换新', '2016-05-20 11:29:34', 'oWWVWwyytgffKKWi87VpC2V6bSP4', null, 'am-disabled', null, '2016-05-20 11:29:23', '20160520112935591563', null, null, null), ('381', 'liuwei', 'heikongjainghaerbin', '18365199816', '3吊顶维修换新', '2016-05-21 13:25:06', 'oWWVWw8MYx_4kB3HYX5U3HlaJeew', null, 'am-active', null, '2016-05-21 13:24:40', '20160521132509182332', null, null, null), ('382', 'liuwei', 'heilongjianf', '18365199816', '1墙体维修换新', '2016-05-21 13:26:10', 'oWWVWw8MYx_4kB3HYX5U3HlaJeew', null, 'am-active', null, '2016-05-21 13:25:57', '20160521132613929861', null, null, null), ('383', 'liuwei', 'heilongjianf', '18365199816', '1墙体维修换新', '2016-05-21 13:28:41', 'oWWVWw8MYx_4kB3HYX5U3HlaJeew', null, 'am-active', null, '2016-05-21 13:28:40', '20160521132844992413', null, null, null), ('384', 'liuwei', 'heilongjianf', '18365199816', '1墙体维修换新', '2016-05-21 13:30:02', 'oWWVWw8MYx_4kB3HYX5U3HlaJeew', null, 'am-active', null, '2016-05-21 13:30:03', '20160521133004497848', null, null, null), ('385', '', '', '13019012519', '1墙体维修换新', '2016-05-21 13:34:41', 'oWWVWwyytgffKKWi87VpC2V6bSP4', null, 'am-active', null, '2016-05-21 13:34:26', '20160521133444726923', '0.01', '', '2016-05-21 13:53:53'), ('386', '', '', '13019012519', '1墙体维修换新', '2016-05-21 13:57:58', 'oWWVWwyytgffKKWi87VpC2V6bSP4', null, 'am-active', null, '2016-05-21 13:57:54', '20160521135801164625', '0.01', '', '2016-05-21 13:58:58'), ('387', '', '', '13019012519', '1家具维修换新', '2016-05-21 14:05:33', 'oWWVWwyytgffKKWi87VpC2V6bSP4', null, 'am-active', null, '2016-05-21 14:05:28', '20160521140536830441', '0.01', '', '2016-05-21 14:08:08'), ('388', '', '', '13019012519', '1家具维修换新', '2016-05-21 14:10:55', 'oWWVWwyytgffKKWi87VpC2V6bSP4', null, 'am-success', '施工中', '2016-05-21 14:10:49', '20160521141058539862', '0.01', '', '2016-05-21 14:32:32');
COMMIT;

-- ----------------------------
--  Table structure for `t_product`
-- ----------------------------
DROP TABLE IF EXISTS `t_product`;
CREATE TABLE `t_product` (
  `product_id` int(11) NOT NULL AUTO_INCREMENT,
  `product_name` varchar(255) DEFAULT NULL,
  `product_price` varchar(255) DEFAULT NULL,
  `product_business` varchar(255) DEFAULT NULL,
  `business_address` varchar(255) DEFAULT NULL,
  `business_phone` varchar(255) DEFAULT NULL,
  `brand_id` varchar(255) DEFAULT NULL,
  `product_img` varchar(255) DEFAULT NULL,
  PRIMARY KEY (`product_id`)
) ENGINE=MyISAM AUTO_INCREMENT=137 DEFAULT CHARSET=gbk;

-- ----------------------------
--  Records of `t_product`
-- ----------------------------
BEGIN;
INSERT INTO `t_product` VALUES ('1', '多乐士抗甲醛五合一乳胶漆', '799', '哈尔滨元洲装饰有限公司', '南岗区汉水路395号(近省人才市场)', '0451-51644766/13604808230', '1', 'img/duoleshi1.png'), ('2', '多乐士全效墙面漆', '849', '哈尔滨元洲装饰有限公司', '南岗区汉水路396号(近省人才市场)', '0451-51644766/13604808230', '1', 'img/duoleshi2.png'), ('3', '立邦净味120', '199', '哈尔滨元洲装饰有限公司', '南岗区汉水路397号(近省人才市场)', '0451-51644766/13604808230', '2', 'img/libang1.jpg'), ('4', '立邦儿童漆', '178', '哈尔滨元洲装饰有限公司', '南岗区汉水路398号(近省人才市场)', '0451-51644766/13604808230', '2', 'img/libang2.jpg'), ('5', '三棵树白色净味竹炭漆', '369', '哈尔滨元洲装饰有限公司', '南岗区汉水路399号(近省人才市场)', '0451-51644766/13604808230', '3', 'img/sankeshu1.jpg'), ('6', '三棵树sdi003漆', '369', '哈尔滨元洲装饰有限公司', '南岗区汉水路400号(近省人才市场)', '0451-51644766/13604808230', '3', 'img/sankeshu2.jpg'), ('7', '嘉宝莉涂彩玩家DIY乳胶漆', '360', '哈尔滨元洲装饰有限公司', '南岗区汉水路401号(近省人才市场)', '0451-51644766/13604808230', '4', 'img/jiabaoli1.jpg'), ('8', '嘉宝莉木器漆', '335', '哈尔滨元洲装饰有限公司', '南岗区汉水路402号(近省人才市场)', '0451-51644766/13604808230', '4', 'img/jiabaoli2.jpg'), ('9', '华润7效多功能内墙乳胶漆', '779', '哈尔滨元洲装饰有限公司', '南岗区汉水路403号(近省人才市场)', '0451-51644766/13604808230', '5', 'img/huarun1.jpg'), ('10', '华润纯净味水性木器漆', '459', '哈尔滨元洲装饰有限公司', '南岗区汉水路404号(近省人才市场)', '0451-51644766/13604808230', '5', 'img/huarun2.jpg'), ('11', 'hhhhhhh', '799', '哈尔滨元洲装饰有限公司', '南岗区汉水路395号(近省人才市场)', '0451-51644766/13604808230', '6', 'img/duoleshi1.png'), ('12', '多乐士全效墙面漆', '849', '哈尔滨元洲装饰有限公司', '南岗区汉水路396号(近省人才市场)', '0451-51644766/13604808230', '6', 'img/duoleshi2.png'), ('13', '立邦净味120', '199', '哈尔滨元洲装饰有限公司', '南岗区汉水路397号(近省人才市场)', '0451-51644766/13604808230', '7', 'img/libang1.jpg'), ('14', '立邦儿童漆', '178', '哈尔滨元洲装饰有限公司', '南岗区汉水路398号(近省人才市场)', '0451-51644766/13604808230', '7', 'img/libang2.jpg'), ('15', '三棵树白色净味竹炭漆', '369', '哈尔滨元洲装饰有限公司', '南岗区汉水路399号(近省人才市场)', '0451-51644766/13604808230', '8', 'img/sankeshu1.jpg'), ('16', '三棵树sdi003漆', '369', '哈尔滨元洲装饰有限公司', '南岗区汉水路400号(近省人才市场)', '0451-51644766/13604808230', '8', 'img/sankeshu2.jpg'), ('17', '嘉宝莉涂彩玩家DIY乳胶漆', '360', '哈尔滨元洲装饰有限公司', '南岗区汉水路401号(近省人才市场)', '0451-51644766/13604808230', '9', 'img/jiabaoli1.jpg'), ('18', '嘉宝莉木器漆', '335', '哈尔滨元洲装饰有限公司', '南岗区汉水路402号(近省人才市场)', '0451-51644766/13604808230', '9', 'img/jiabaoli2.jpg'), ('19', '华润7效多功能内墙乳胶漆', '779', '哈尔滨元洲装饰有限公司', '南岗区汉水路403号(近省人才市场)', '0451-51644766/13604808230', '10', 'img/huarun1.jpg'), ('20', '华润纯净味水性木器漆', '459', '哈尔滨元洲装饰有限公司', '南岗区汉水路404号(近省人才市场)', '0451-51644766/13604808230', '10', 'img/huarun2.jpg'), ('21', '多乐士抗甲醛五合一乳胶漆', '799', '哈尔滨元洲装饰有限公司', '南岗区汉水路395号(近省人才市场)', '0451-51644766/13604808230', '11', 'img/duoleshi1.png'), ('22', '多乐士全效墙面漆', '849', '哈尔滨元洲装饰有限公司', '南岗区汉水路396号(近省人才市场)', '0451-51644766/13604808230', '11', 'img/duoleshi2.png'), ('23', '立邦净味120', '199', '哈尔滨元洲装饰有限公司', '南岗区汉水路397号(近省人才市场)', '0451-51644766/13604808230', '12', 'img/libang1.jpg'), ('24', '立邦儿童漆', '178', '哈尔滨元洲装饰有限公司', '南岗区汉水路398号(近省人才市场)', '0451-51644766/13604808230', '12', 'img/libang2.jpg'), ('25', '三棵树白色净味竹炭漆', '369', '哈尔滨元洲装饰有限公司', '南岗区汉水路399号(近省人才市场)', '0451-51644766/13604808230', '13', 'img/sankeshu1.jpg'), ('26', '三棵树sdi003漆', '369', '哈尔滨元洲装饰有限公司', '南岗区汉水路400号(近省人才市场)', '0451-51644766/13604808230', '13', 'img/sankeshu2.jpg'), ('27', '嘉宝莉涂彩玩家DIY乳胶漆', '360', '哈尔滨元洲装饰有限公司', '南岗区汉水路401号(近省人才市场)', '0451-51644766/13604808230', '14', 'img/jiabaoli1.jpg'), ('28', '嘉宝莉木器漆', '335', '哈尔滨元洲装饰有限公司', '南岗区汉水路402号(近省人才市场)', '0451-51644766/13604808230', '14', 'img/jiabaoli2.jpg'), ('29', '华润7效多功能内墙乳胶漆', '779', '哈尔滨元洲装饰有限公司', '南岗区汉水路403号(近省人才市场)', '0451-51644766/13604808230', '15', 'img/huarun1.jpg'), ('30', '华润纯净味水性木器漆', '459', '哈尔滨元洲装饰有限公司', '南岗区汉水路404号(近省人才市场)', '0451-51644766/13604808230', '15', 'img/huarun2.jpg'), ('31', '多乐士抗甲醛五合一乳胶漆', '799', '哈尔滨元洲装饰有限公司', '南岗区汉水路395号(近省人才市场)', '0451-51644766/13604808230', '16', 'img/duoleshi1.png'), ('32', '多乐士全效墙面漆', '849', '哈尔滨元洲装饰有限公司', '南岗区汉水路396号(近省人才市场)', '0451-51644766/13604808230', '16', 'img/duoleshi2.png'), ('33', '立邦净味120', '199', '哈尔滨元洲装饰有限公司', '南岗区汉水路397号(近省人才市场)', '0451-51644766/13604808230', '17', 'img/libang1.jpg'), ('34', '立邦儿童漆', '178', '哈尔滨元洲装饰有限公司', '南岗区汉水路398号(近省人才市场)', '0451-51644766/13604808230', '17', 'img/libang2.jpg'), ('35', '三棵树白色净味竹炭漆', '369', '哈尔滨元洲装饰有限公司', '南岗区汉水路399号(近省人才市场)', '0451-51644766/13604808230', '18', 'img/sankeshu1.jpg'), ('36', '三棵树sdi003漆', '369', '哈尔滨元洲装饰有限公司', '南岗区汉水路400号(近省人才市场)', '0451-51644766/13604808230', '18', 'img/sankeshu2.jpg'), ('37', '嘉宝莉涂彩玩家DIY乳胶漆', '360', '哈尔滨元洲装饰有限公司', '南岗区汉水路401号(近省人才市场)', '0451-51644766/13604808230', '19', 'img/jiabaoli1.jpg'), ('38', '嘉宝莉木器漆', '335', '哈尔滨元洲装饰有限公司', '南岗区汉水路402号(近省人才市场)', '0451-51644766/13604808230', '19', 'img/jiabaoli2.jpg'), ('39', '华润7效多功能内墙乳胶漆', '779', '哈尔滨元洲装饰有限公司', '南岗区汉水路403号(近省人才市场)', '0451-51644766/13604808230', '20', 'img/huarun1.jpg'), ('40', '华润纯净味水性木器漆', '459', '哈尔滨元洲装饰有限公司', '南岗区汉水路404号(近省人才市场)', '0451-51644766/13604808230', '20', 'img/huarun2.jpg'), ('41', '多乐士抗甲醛五合一乳胶漆', '799', '哈尔滨元洲装饰有限公司', '南岗区汉水路395号(近省人才市场)', '0451-51644766/13604808230', '21', 'img/duoleshi1.png'), ('42', '多乐士全效墙面漆', '849', '哈尔滨元洲装饰有限公司', '南岗区汉水路396号(近省人才市场)', '0451-51644766/13604808230', '21', 'img/duoleshi2.png'), ('43', '立邦净味120', '199', '哈尔滨元洲装饰有限公司', '南岗区汉水路397号(近省人才市场)', '0451-51644766/13604808230', '22', 'img/libang1.jpg'), ('44', '立邦儿童漆', '178', '哈尔滨元洲装饰有限公司', '南岗区汉水路398号(近省人才市场)', '0451-51644766/13604808230', '22', 'img/libang2.jpg'), ('45', '三棵树白色净味竹炭漆', '369', '哈尔滨元洲装饰有限公司', '南岗区汉水路399号(近省人才市场)', '0451-51644766/13604808230', '23', 'img/sankeshu1.jpg'), ('46', '三棵树sdi003漆', '369', '哈尔滨元洲装饰有限公司', '南岗区汉水路400号(近省人才市场)', '0451-51644766/13604808230', '23', 'img/sankeshu2.jpg'), ('47', '嘉宝莉涂彩玩家DIY乳胶漆', '360', '哈尔滨元洲装饰有限公司', '南岗区汉水路401号(近省人才市场)', '0451-51644766/13604808230', '24', 'img/jiabaoli1.jpg'), ('48', '嘉宝莉木器漆', '335', '哈尔滨元洲装饰有限公司', '南岗区汉水路402号(近省人才市场)', '0451-51644766/13604808230', '24', 'img/jiabaoli2.jpg'), ('49', '华润7效多功能内墙乳胶漆', '779', '哈尔滨元洲装饰有限公司', '南岗区汉水路403号(近省人才市场)', '0451-51644766/13604808230', '25', 'img/huarun1.jpg'), ('50', '华润纯净味水性木器漆', '459', '哈尔滨元洲装饰有限公司', '南岗区汉水路404号(近省人才市场)', '0451-51644766/13604808230', '25', 'img/huarun2.jpg'), ('51', '多乐士抗甲醛五合一乳胶漆', '799', '哈尔滨元洲装饰有限公司', '南岗区汉水路395号(近省人才市场)', '0451-51644766/13604808230', '26', 'img/duoleshi1.png'), ('52', '多乐士全效墙面漆', '849', '哈尔滨元洲装饰有限公司', '南岗区汉水路396号(近省人才市场)', '0451-51644766/13604808230', '26', 'img/duoleshi2.png'), ('53', '立邦净味120', '199', '哈尔滨元洲装饰有限公司', '南岗区汉水路397号(近省人才市场)', '0451-51644766/13604808230', '27', 'img/libang1.jpg'), ('54', '立邦儿童漆', '178', '哈尔滨元洲装饰有限公司', '南岗区汉水路398号(近省人才市场)', '0451-51644766/13604808230', '27', 'img/libang2.jpg'), ('55', '三棵树白色净味竹炭漆', '369', '哈尔滨元洲装饰有限公司', '南岗区汉水路399号(近省人才市场)', '0451-51644766/13604808230', '28', 'img/sankeshu1.jpg'), ('56', '三棵树sdi003漆', '369', '哈尔滨元洲装饰有限公司', '南岗区汉水路400号(近省人才市场)', '0451-51644766/13604808230', '28', 'img/sankeshu2.jpg'), ('57', '嘉宝莉涂彩玩家DIY乳胶漆', '360', '哈尔滨元洲装饰有限公司', '南岗区汉水路401号(近省人才市场)', '0451-51644766/13604808230', '29', 'img/jiabaoli1.jpg'), ('58', '嘉宝莉木器漆', '335', '哈尔滨元洲装饰有限公司', '南岗区汉水路402号(近省人才市场)', '0451-51644766/13604808230', '29', 'img/jiabaoli2.jpg'), ('59', '华润7效多功能内墙乳胶漆', '779', '哈尔滨元洲装饰有限公司', '南岗区汉水路403号(近省人才市场)', '0451-51644766/13604808230', '30', 'img/huarun1.jpg'), ('60', '华润纯净味水性木器漆', '459', '哈尔滨元洲装饰有限公司', '南岗区汉水路404号(近省人才市场)', '0451-51644766/13604808230', '30', 'img/huarun2.jpg'), ('61', '多乐士抗甲醛五合一乳胶漆', '799', '哈尔滨元洲装饰有限公司', '南岗区汉水路395号(近省人才市场)', '0451-51644766/13604808230', '31', 'img/duoleshi1.png'), ('62', '多乐士全效墙面漆', '849', '哈尔滨元洲装饰有限公司', '南岗区汉水路396号(近省人才市场)', '0451-51644766/13604808230', '31', 'img/duoleshi2.png'), ('63', '立邦净味120', '199', '哈尔滨元洲装饰有限公司', '南岗区汉水路397号(近省人才市场)', '0451-51644766/13604808230', '32', 'img/libang1.jpg'), ('64', '立邦儿童漆', '178', '哈尔滨元洲装饰有限公司', '南岗区汉水路398号(近省人才市场)', '0451-51644766/13604808230', '32', 'img/libang2.jpg'), ('65', '三棵树白色净味竹炭漆', '369', '哈尔滨元洲装饰有限公司', '南岗区汉水路399号(近省人才市场)', '0451-51644766/13604808230', '33', 'img/sankeshu1.jpg'), ('66', '三棵树sdi003漆', '369', '哈尔滨元洲装饰有限公司', '南岗区汉水路400号(近省人才市场)', '0451-51644766/13604808230', '33', 'img/sankeshu2.jpg'), ('67', '嘉宝莉涂彩玩家DIY乳胶漆', '360', '哈尔滨元洲装饰有限公司', '南岗区汉水路401号(近省人才市场)', '0451-51644766/13604808230', '34', 'img/jiabaoli1.jpg'), ('68', '嘉宝莉木器漆', '335', '哈尔滨元洲装饰有限公司', '南岗区汉水路402号(近省人才市场)', '0451-51644766/13604808230', '34', 'img/jiabaoli2.jpg'), ('69', '华润7效多功能内墙乳胶漆', '779', '哈尔滨元洲装饰有限公司', '南岗区汉水路403号(近省人才市场)', '0451-51644766/13604808230', '35', 'img/huarun1.jpg'), ('70', '华润纯净味水性木器漆', '459', '哈尔滨元洲装饰有限公司', '南岗区汉水路404号(近省人才市场)', '0451-51644766/13604808230', '35', 'img/huarun2.jpg'), ('71', '多乐士抗甲醛五合一乳胶漆', '799', '哈尔滨元洲装饰有限公司', '南岗区汉水路395号(近省人才市场)', '0451-51644766/13604808230', '36', 'img/duoleshi1.png'), ('72', '多乐士全效墙面漆', '849', '哈尔滨元洲装饰有限公司', '南岗区汉水路396号(近省人才市场)', '0451-51644766/13604808230', '36', 'img/duoleshi2.png'), ('73', '立邦净味120', '199', '哈尔滨元洲装饰有限公司', '南岗区汉水路397号(近省人才市场)', '0451-51644766/13604808230', '37', 'img/libang1.jpg'), ('74', '立邦儿童漆', '178', '哈尔滨元洲装饰有限公司', '南岗区汉水路398号(近省人才市场)', '0451-51644766/13604808230', '37', 'img/libang2.jpg'), ('75', '三棵树白色净味竹炭漆', '369', '哈尔滨元洲装饰有限公司', '南岗区汉水路399号(近省人才市场)', '0451-51644766/13604808230', '38', 'img/sankeshu1.jpg'), ('76', '三棵树sdi003漆', '369', '哈尔滨元洲装饰有限公司', '南岗区汉水路400号(近省人才市场)', '0451-51644766/13604808230', '38', 'img/sankeshu2.jpg'), ('77', '嘉宝莉涂彩玩家DIY乳胶漆', '360', '哈尔滨元洲装饰有限公司', '南岗区汉水路401号(近省人才市场)', '0451-51644766/13604808230', '39', 'img/jiabaoli1.jpg'), ('78', '嘉宝莉木器漆', '335', '哈尔滨元洲装饰有限公司', '南岗区汉水路402号(近省人才市场)', '0451-51644766/13604808230', '39', 'img/jiabaoli2.jpg'), ('79', '华润7效多功能内墙乳胶漆', '779', '哈尔滨元洲装饰有限公司', '南岗区汉水路403号(近省人才市场)', '0451-51644766/13604808230', '40', 'img/huarun1.jpg'), ('80', '华润纯净味水性木器漆', '459', '哈尔滨元洲装饰有限公司', '南岗区汉水路404号(近省人才市场)', '0451-51644766/13604808230', '40', 'img/huarun2.jpg'), ('81', '多乐士抗甲醛五合一乳胶漆', '799', '哈尔滨元洲装饰有限公司', '南岗区汉水路395号(近省人才市场)', '0451-51644766/13604808230', '41', 'img/duoleshi1.png'), ('82', '多乐士全效墙面漆', '849', '哈尔滨元洲装饰有限公司', '南岗区汉水路396号(近省人才市场)', '0451-51644766/13604808230', '41', 'img/duoleshi2.png'), ('83', '立邦净味120', '199', '哈尔滨元洲装饰有限公司', '南岗区汉水路397号(近省人才市场)', '0451-51644766/13604808230', '42', 'img/libang1.jpg'), ('84', '立邦儿童漆', '178', '哈尔滨元洲装饰有限公司', '南岗区汉水路398号(近省人才市场)', '0451-51644766/13604808230', '42', 'img/libang2.jpg'), ('85', '三棵树白色净味竹炭漆', '369', '哈尔滨元洲装饰有限公司', '南岗区汉水路399号(近省人才市场)', '0451-51644766/13604808230', '43', 'img/sankeshu1.jpg'), ('86', '三棵树sdi003漆', '369', '哈尔滨元洲装饰有限公司', '南岗区汉水路400号(近省人才市场)', '0451-51644766/13604808230', '43', 'img/sankeshu2.jpg'), ('87', '嘉宝莉涂彩玩家DIY乳胶漆', '360', '哈尔滨元洲装饰有限公司', '南岗区汉水路401号(近省人才市场)', '0451-51644766/13604808230', '44', 'img/jiabaoli1.jpg'), ('88', '嘉宝莉木器漆', '335', '哈尔滨元洲装饰有限公司', '南岗区汉水路402号(近省人才市场)', '0451-51644766/13604808230', '44', 'img/jiabaoli2.jpg'), ('89', '华润7效多功能内墙乳胶漆', '779', '哈尔滨元洲装饰有限公司', '南岗区汉水路403号(近省人才市场)', '0451-51644766/13604808230', '45', 'img/huarun1.jpg'), ('90', '华润纯净味水性木器漆', '459', '哈尔滨元洲装饰有限公司', '南岗区汉水路404号(近省人才市场)', '0451-51644766/13604808230', '45', 'img/huarun2.jpg'), ('91', '多乐士抗甲醛五合一乳胶漆', '799', '哈尔滨元洲装饰有限公司', '南岗区汉水路395号(近省人才市场)', '0451-51644766/13604808230', '46', 'img/duoleshi1.png'), ('92', '多乐士全效墙面漆', '849', '哈尔滨元洲装饰有限公司', '南岗区汉水路396号(近省人才市场)', '0451-51644766/13604808230', '46', 'img/duoleshi2.png'), ('93', '立邦净味120', '199', '哈尔滨元洲装饰有限公司', '南岗区汉水路397号(近省人才市场)', '0451-51644766/13604808230', '47', 'img/libang1.jpg'), ('94', '立邦儿童漆', '178', '哈尔滨元洲装饰有限公司', '南岗区汉水路398号(近省人才市场)', '0451-51644766/13604808230', '47', 'img/libang2.jpg'), ('95', '三棵树白色净味竹炭漆', '369', '哈尔滨元洲装饰有限公司', '南岗区汉水路399号(近省人才市场)', '0451-51644766/13604808230', '48', 'img/sankeshu1.jpg'), ('96', '三棵树sdi003漆', '369', '哈尔滨元洲装饰有限公司', '南岗区汉水路400号(近省人才市场)', '0451-51644766/13604808230', '48', 'img/sankeshu2.jpg'), ('97', '嘉宝莉涂彩玩家DIY乳胶漆', '360', '哈尔滨元洲装饰有限公司', '南岗区汉水路401号(近省人才市场)', '0451-51644766/13604808230', '49', 'img/jiabaoli1.jpg'), ('98', '嘉宝莉木器漆', '335', '哈尔滨元洲装饰有限公司', '南岗区汉水路402号(近省人才市场)', '0451-51644766/13604808230', '49', 'img/jiabaoli2.jpg'), ('99', '华润7效多功能内墙乳胶漆', '779', '哈尔滨元洲装饰有限公司', '南岗区汉水路403号(近省人才市场)', '0451-51644766/13604808230', '50', 'img/huarun1.jpg'), ('100', '华润纯净味水性木器漆', '459', '哈尔滨元洲装饰有限公司', '南岗区汉水路404号(近省人才市场)', '0451-51644766/13604808230', '50', 'img/huarun2.jpg'), ('101', '多乐士抗甲醛五合一乳胶漆', '799', '哈尔滨元洲装饰有限公司', '南岗区汉水路395号(近省人才市场)', '0451-51644766/13604808230', '51', 'img/duoleshi1.png'), ('102', '多乐士全效墙面漆', '849', '哈尔滨元洲装饰有限公司', '南岗区汉水路396号(近省人才市场)', '0451-51644766/13604808230', '51', 'img/duoleshi2.png'), ('103', '立邦净味120', '199', '哈尔滨元洲装饰有限公司', '南岗区汉水路397号(近省人才市场)', '0451-51644766/13604808230', '52', 'img/libang1.jpg'), ('104', '立邦儿童漆', '178', '哈尔滨元洲装饰有限公司', '南岗区汉水路398号(近省人才市场)', '0451-51644766/13604808230', '52', 'img/libang2.jpg'), ('105', '三棵树白色净味竹炭漆', '369', '哈尔滨元洲装饰有限公司', '南岗区汉水路399号(近省人才市场)', '0451-51644766/13604808230', '53', 'img/sankeshu1.jpg'), ('106', '三棵树sdi003漆', '369', '哈尔滨元洲装饰有限公司', '南岗区汉水路400号(近省人才市场)', '0451-51644766/13604808230', '53', 'img/sankeshu2.jpg'), ('107', '嘉宝莉涂彩玩家DIY乳胶漆', '360', '哈尔滨元洲装饰有限公司', '南岗区汉水路401号(近省人才市场)', '0451-51644766/13604808230', '54', 'img/jiabaoli1.jpg'), ('108', '嘉宝莉木器漆', '335', '哈尔滨元洲装饰有限公司', '南岗区汉水路402号(近省人才市场)', '0451-51644766/13604808230', '54', 'img/jiabaoli2.jpg'), ('109', '华润7效多功能内墙乳胶漆', '779', '哈尔滨元洲装饰有限公司', '南岗区汉水路403号(近省人才市场)', '0451-51644766/13604808230', '55', 'img/huarun1.jpg'), ('110', '华润纯净味水性木器漆', '459', '哈尔滨元洲装饰有限公司', '南岗区汉水路404号(近省人才市场)', '0451-51644766/13604808230', '55', 'img/huarun2.jpg'), ('111', '多乐士抗甲醛五合一乳胶漆', '799', '哈尔滨元洲装饰有限公司', '南岗区汉水路395号(近省人才市场)', '0451-51644766/13604808230', '56', 'img/duoleshi1.png'), ('112', '多乐士全效墙面漆', '849', '哈尔滨元洲装饰有限公司', '南岗区汉水路396号(近省人才市场)', '0451-51644766/13604808230', '56', 'img/duoleshi2.png'), ('113', '立邦净味120', '199', '哈尔滨元洲装饰有限公司', '南岗区汉水路397号(近省人才市场)', '0451-51644766/13604808230', '57', 'img/libang1.jpg'), ('114', '立邦儿童漆', '178', '哈尔滨元洲装饰有限公司', '南岗区汉水路398号(近省人才市场)', '0451-51644766/13604808230', '57', 'img/libang2.jpg'), ('115', '三棵树白色净味竹炭漆', '369', '哈尔滨元洲装饰有限公司', '南岗区汉水路399号(近省人才市场)', '0451-51644766/13604808230', '58', 'img/sankeshu1.jpg'), ('116', '三棵树sdi003漆', '369', '哈尔滨元洲装饰有限公司', '南岗区汉水路400号(近省人才市场)', '0451-51644766/13604808230', '58', 'img/sankeshu2.jpg'), ('117', '嘉宝莉涂彩玩家DIY乳胶漆', '360', '哈尔滨元洲装饰有限公司', '南岗区汉水路401号(近省人才市场)', '0451-51644766/13604808230', '59', 'img/jiabaoli1.jpg'), ('118', '嘉宝莉木器漆', '335', '哈尔滨元洲装饰有限公司', '南岗区汉水路402号(近省人才市场)', '0451-51644766/13604808230', '59', 'img/jiabaoli2.jpg'), ('119', '华润7效多功能内墙乳胶漆', '779', '哈尔滨元洲装饰有限公司', '南岗区汉水路403号(近省人才市场)', '0451-51644766/13604808230', '60', 'img/huarun1.jpg'), ('120', '华润纯净味水性木器漆', '459', '哈尔滨元洲装饰有限公司', '南岗区汉水路404号(近省人才市场)', '0451-51644766/13604808230', '60', 'img/huarun2.jpg'), ('122', '新加', '11', '222', '333', '1111', '61', 'img/huarun2.jpg'), ('123', '立邦净味', '1000', '减肥快圣诞节了疯狂就是大', '附近的收款方尽快拉的屎；甲方', '发的啥飞机上看到了积分卡拉', null, 'uploads/20160501192903_82597.gif'), ('124', '附近的沙发和电视剧阿卡丽返回', '第三方', '范德萨', '范德萨', '发的', null, 'uploads/20160501193020_92998.gif'), ('125', '附近的沙发和电视剧阿卡丽返回', '第三方', '范德萨', '范德萨', '发的', null, 'uploads/20160501193022_94092.gif'), ('126', '的方式来看飞机开始大量； ', '的房间卡萨龙卷风', '范德萨发', '发的', '范德萨发的', '1', 'uploads/20160501194111_47319.gif'), ('127', '嘉宝莉儿童漆', '500', '装饰家', '南岗区', '045123231232', '64', 'uploads/20160501194325_45158.gif'), ('128', 'fdsfasdaf', 'dfasdf', 'fdsfa', 'fsdafs', 'img/avatar.png', 'fdasfdsafasdf', null), ('129', 'hjlhl', 'hljkhjlk', 'hlljkh', 'hjkhjlk', 'uploads/20160501202222_10273.jpg', 'jkhklhl', null), ('130', 'hjlhl', 'hljkhjlk', 'hlljkh', 'hjkhjlk', 'uploads/20160501202338_99102.jpg', 'jkhklhl', null), ('131', 'hjlhl', 'hljkhjlk', 'hlljkh', 'hjkhjlk', 'uploads/20160501202357_37448.jpg', 'jkhklhl', null);
COMMIT;

-- ----------------------------
--  Table structure for `t_product_brand`
-- ----------------------------
DROP TABLE IF EXISTS `t_product_brand`;
CREATE TABLE `t_product_brand` (
  `brand_id` int(11) NOT NULL AUTO_INCREMENT,
  `brand_name` varchar(255) DEFAULT NULL,
  `pro_cate_id` int(11) DEFAULT NULL,
  PRIMARY KEY (`brand_id`)
) ENGINE=MyISAM AUTO_INCREMENT=69 DEFAULT CHARSET=gbk;

-- ----------------------------
--  Records of `t_product_brand`
-- ----------------------------
BEGIN;
INSERT INTO `t_product_brand` VALUES ('1', '多乐士', '1'), ('2', '立邦', '1'), ('3', '嘉宝莉', '1'), ('4', '华润', '1'), ('5', '经典', '1'), ('6', '科勒', '2'), ('7', 'TOTO', '2'), ('8', '九牧', '2'), ('9', '箭牌', '2'), ('10', '东鹏', '2'), ('11', '盼盼', '3'), ('12', '王力', '3'), ('13', '美心', '3'), ('14', '梦天', '3'), ('15', 'TATA木门', '3'), ('16', '肯迪亚', '4'), ('17', '圣象', '4'), ('18', '扬子', '4'), ('19', '菲林格尔', '4'), ('20', '世友', '4'), ('21', '飞利浦', '5'), ('22', '欧普', '5'), ('23', '松下', '5'), ('24', '雷士', '5'), ('25', 'TCL', '5'), ('26', '三环', '6'), ('27', '固力', '6'), ('28', '梅花', '6'), ('29', '天宇', '6'), ('30', '第吉尔', '6'), ('31', '奥华', '7'), ('32', '友邦', '7'), ('33', '欧普', '7'), ('34', '奥普', '7'), ('35', '三雄·极光', '7'), ('36', '东鹏', '8'), ('37', '马可波罗', '8'), ('38', '蒙娜丽莎', '8'), ('39', '诺贝尔', '8'), ('40', '惠达', '8'), ('41', '海螺', '9'), ('42', 'LGHausys', '9'), ('43', '中财型材', '9'), ('44', '实德', '9'), ('45', 'VEKA维卡', '9'), ('46', '玉兰', '10'), ('47', '欧雅', '10'), ('48', '瑞宝', '10'), ('49', '布鲁斯特', '10'), ('50', '柔然', '10'), ('51', '全友家居', '11'), ('52', '曲美家居', '11'), ('53', '宜家家居', '11'), ('54', '红苹果家居', '11'), ('55', '联邦家居', '11'), ('56', '伊利诺伊', '12'), ('57', '简家家居', '12'), ('58', '特力和家居', '12'), ('59', 'TAYOHYA', '12'), ('60', '北极星', '12'), ('61', 'd的', '12'), ('64', 'fdsfsdaf', '1'), ('65', 'gggg', '3'), ('66', 'khjhljkhjkhjkhjlk', '16'), ('67', '111', '9'), ('68', 'xxxxxxxx', '20');
COMMIT;

-- ----------------------------
--  Table structure for `t_product_cate`
-- ----------------------------
DROP TABLE IF EXISTS `t_product_cate`;
CREATE TABLE `t_product_cate` (
  `pro_cate_id` int(11) NOT NULL AUTO_INCREMENT,
  `pro_cate_name` varchar(255) DEFAULT NULL,
  `bgcolor` varchar(255) DEFAULT NULL,
  PRIMARY KEY (`pro_cate_id`)
) ENGINE=MyISAM AUTO_INCREMENT=22 DEFAULT CHARSET=gbk;

-- ----------------------------
--  Records of `t_product_cate`
-- ----------------------------
BEGIN;
INSERT INTO `t_product_cate` VALUES ('1', '油漆', '#ffb999'), ('2', '洁具', '#b1daff'), ('3', '门', '#ffe0ae'), ('4', '地板', '#a7efd7'), ('5', '灯具', '#f3a8a3'), ('6', '锁具', '#d3adf9'), ('7', '吊顶', '#fba5b7'), ('8', '瓷砖', '#ffb999'), ('9', '窗', '#00FFFF'), ('10', '墙纸', '#FF99CC'), ('11', '家具', '#FF6633'), ('12', '工艺', '#CC99FF'), ('14', '古驰', null), ('15', 'ggg', null), ('16', 'hhh', null), ('19', 'bingxiang', null), ('20', 'xxxx', null), ('21', 'ddddd', null);
COMMIT;

-- ----------------------------
--  Table structure for `t_service`
-- ----------------------------
DROP TABLE IF EXISTS `t_service`;
CREATE TABLE `t_service` (
  `service_id` int(11) NOT NULL AUTO_INCREMENT,
  `service_name` varchar(255) DEFAULT NULL,
  `superclass_id` int(11) DEFAULT NULL,
  `category_type` varchar(255) DEFAULT NULL,
  `product_type` varchar(255) DEFAULT NULL,
  `product_texture` varchar(255) DEFAULT NULL,
  `product_price` varchar(255) DEFAULT NULL,
  `service_en_name` varchar(255) DEFAULT NULL,
  `service_img` varchar(255) DEFAULT NULL,
  `service_desc` varchar(255) DEFAULT NULL,
  PRIMARY KEY (`service_id`)
) ENGINE=MyISAM AUTO_INCREMENT=454 DEFAULT CHARSET=gbk;

-- ----------------------------
--  Records of `t_service`
-- ----------------------------
BEGIN;
INSERT INTO `t_service` VALUES ('1', '家居维修换新', '0', '', '', '', '', 'Home Decoration', 'img/iservice-bg1.png', ''), ('2', '营业场所维修换新', '0', '', '', '', '', 'Business Decoration', 'img/iservice-bg2.png', ''), ('3', '连锁企业维修换新', '0', '', '', '', '', 'Chain Enterprises Decoration', 'uploads/20160504210533_88926.png', ''), ('4', '1卫浴洁具维修换新', '1', '家居', '', '', '', '', 'img/service-bg1.jpg', '洁净智享，钜惠体验,'), ('5', '1开关灯具维修换新', '1', '家居', '', '', '', '', 'img/service-bg1.jpg', '2小时极速换新，顶级照明体验'), ('6', '1墙体维修换新', '1', '家居', '', '', '', '', 'img/service-bg2.jpg', '3小时维修换新，为你开辟新的视界'), ('7', '1吊顶维修换新', '1', '家居', '', '', '', '', 'img/service-bg3.jpg', '4小时极速换新，航天级工艺铝材'), ('8', '1家具维修换新', '1', '家居', '', '', '', '', 'img/service-bg4.jpg', '为你定制专属的私人家私'), ('9', '1地板维修换新', '1', '家居', '', '', '', '', 'img/service-bg5.jpg', '4小时极速换新，德国进口地板'), ('10', '1瓷砖维修换新', '1', '家居', '', '', '', '', 'img/service-bg6.jpg', '2小时极速换新，顶级品质瓷片'), ('11', '2卫浴洁具维修换新', '2', '营业场所', '', '', '', '', 'img/service-bg6.jpg', '洁净智享，钜惠体验'), ('12', '2开关灯具维修换新', '2', '营业场所', '', '', '', '', 'img/service-bg1.jpg', '2小时极速换新，顶级照明体验'), ('13', '2墙体维修换新', '2', '营业场所', '', '', '', '', 'img/service-bg4.jpg', '3小时维修换新，为你开辟新的视界'), ('14', '2吊顶维修换新', '2', '营业场所', '', '', '', '', 'img/service-bg3.jpg', '4小时极速换新，航天级工艺铝材'), ('15', '2家具维修换新', '2', '营业场所', '', '', '', '', 'img/service-bg2.jpg', '为你定制专属的私人家私'), ('16', '2地板维修换新', '2', '营业场所', '', '', '', '', 'img/service-bg5.jpg', '4小时极速换新，德国进口地板'), ('17', '2瓷砖维修换新', '2', '营业场所', '', '', '', '', 'img/service-bg6.jpg', '2小时极速换新，顶级品质瓷片'), ('18', '3卫浴洁具维修换新', '3', '连锁企业', '', '', '', '', 'img/service-bg1.jpg', '洁净智享，钜惠体验'), ('19', '3开关灯具维修换新', '3', '连锁企业', '', '', '', '', 'img/service-bg3.jpg', '2小时极速换新，顶级照明体验'), ('20', '3墙体维修换新', '3', '连锁企业', '', '', '', '', 'img/service-bg2.jpg', '3小时维修换新，为你开辟新的视界'), ('21', '3吊顶维修换新', '3', '连锁企业', '', '', '', '', 'img/service-bg4.jpg', '4小时极速换新，航天级工艺铝材,'), ('22', '3家具维修换新', '3', '连锁企业', '', '', '', '', 'img/service-bg6.jpg', '为你定制专属的私人家私'), ('23', '3地板维修换新', '3', '连锁企业', '', '', '', '', 'img/service-bg5.jpg', '4小时极速换新，德国进口地板'), ('24', '3瓷砖维修换新', '3', '连锁企业', '', '', '', '', 'img/service-bg1.jpg', '2小时极速换新，顶级品质瓷片'), ('25', '洁具', '4', '家居', '', '普通浴缸99', '1888', '', '', ''), ('26', '洁具', '4', '家居', '', '按摩浴缸', '2999', '', '', ''), ('27', '洁具', '4', '家居', '', '浴缸五件套', '1999', '', '', ''), ('28', '洁具', '4', '家居', '', 'PVC浴室柜', '1199', '', '', ''), ('29', '洁具', '4', '家居', '', '实木浴室柜', '1999', '', '', ''), ('30', '洁具', '4', '家居', '', '智能浴室柜', '2999', '', '', ''), ('31', '洁具', '4', '家居', '', '简易淋浴房', '1499', '', '', ''), ('32', '洁具', '4', '家居', '', '屏风淋浴房', '1999', '', '', ''), ('33', '洁具', '4', '家居', '', '蒸汽淋浴房', '2499', '', '', ''), ('34', '洁具', '4', '家居', '', '整体淋浴房', '2799', '', '', ''), ('35', '洁具', '4', '家居', '', '分体坐便器', '1499', '', '', ''), ('36', '洁具', '4', '家居', '', '连体坐便器', '1999', '', '', ''), ('37', '洁具', '4', '家居', '', '智能坐便器', '2499', '', '', ''), ('38', '洁具', '11', '营业场所', '', '普通浴缸', '1099', '', '', ''), ('39', '洁具', '11', '', '', '按摩浴缸', '3199', '', '', ''), ('40', '洁具', '11', '', '', '浴缸五件套', '2299', '', '', ''), ('41', '洁具', '11', '', '', 'PVC浴室柜', '1999', '', '', ''), ('42', '洁具', '11', '', '', '实木浴室柜', '2199', '', '', ''), ('43', '洁具', '11', '', '', '智能浴室柜', '2799', '', '', ''), ('44', '洁具', '11', '', '', '简易淋浴房', '1799', '', '', ''), ('45', '洁具', '11', '', '', '屏风淋浴房', '1999', '', '', ''), ('46', '洁具', '11', '', '', '蒸汽淋浴房', '2199', '', '', ''), ('47', '洁具', '11', '', '', '整体淋浴房', '2399', '', '', ''), ('48', '洁具', '11', '', '', '分体坐便器', '1499', '', '', ''), ('49', '洁具', '11', '', '', '连体坐便器', '1999', '', '', ''), ('50', '洁具', '11', '', '', '智能坐便器', '2699', '', '', ''), ('51', '洁具', '18', '', '', '普通浴缸', '1699', '', '', ''), ('52', '洁具', '18', '', '', '按摩浴缸', '3199', '', '', ''), ('53', '洁具', '18', '', '', '浴缸五件套', '2299', '', '', ''), ('54', '洁具', '18', '', '', 'PVC浴室柜', '1999', '', '', ''), ('55', '洁具', '18', '', '', '实木浴室柜', '2199', '', '', ''), ('56', '洁具', '18', '', '', '智能浴室柜', '2799', '', '', ''), ('57', '洁具', '18', '', '', '简易淋浴房', '1799', '', '', ''), ('58', '洁具', '18', '', '', '屏风淋浴房', '1999', '', '', ''), ('59', '洁具', '18', '', '', '蒸汽淋浴房', '2199', '', '', ''), ('60', '洁具', '18', '', '', '整体淋浴房', '2399', '', '', ''), ('61', '洁具', '18', '', '', '分体坐便器', '1499', '', '', ''), ('62', '洁具', '18', '', '', '连体坐便器', '1999', '', '', ''), ('63', '洁具', '18', '', '', '智能坐便器', '2699', '', '', ''), ('64', '开关灯具', '5', '', '', '普通照明', '599', '', '', ''), ('65', '开关灯具', '5', '', '', 'LED照明', '699', '', '', ''), ('66', '开关灯具', '5', '', '', '室内灯具', '299', '', '', ''), ('67', '开关灯具', '5', '', '', '室外灯具', '799', '', '', ''), ('68', '开关灯具', '5', '', '', '筒灯/射灯', '199', '', '', ''), ('69', '开关灯具', '5', '', '', '吸顶灯', '99', '', '', ''), ('70', '开关灯具', '5', '', '', '日光灯', '99', '', '', ''), ('71', '开关灯具', '5', '', '', '水晶灯', '899', '', '', ''), ('72', '开关灯具', '5', '', '', '独立开关', '29', '', '', ''), ('73', '开关灯具', '5', '', '', '智能USB开关', '99', '', '', ''), ('74', '开关灯具', '5', '', '', '抗电涌开关', '199', '', '', ''), ('75', '开关灯具', '5', '', '', '防雷电开关', '249', '', '', ''), ('76', '开关灯具', '5', '', '', '转换插座', '269', '', '', ''), ('77', '开关灯具', '12', '', '', '普通照明', '499', '', '', ''), ('78', '开关灯具', '12', '', '', 'LED照明', '799', '', '', ''), ('79', '开关灯具', '12', '', '', '室内灯具', '289', '', '', ''), ('80', '开关灯具', '12', '', '', '室外灯具', '699', '', '', ''), ('81', '开关灯具', '12', '', '', '筒灯/射灯', '189', '', '', ''), ('82', '开关灯具', '12', '', '', '吸顶灯', '89', '', '', ''), ('83', '开关灯具', '12', '', '', '日光灯', '79', '', '', ''), ('84', '开关灯具', '12', '', '', '水晶灯', '999', '', '', ''), ('85', '开关灯具', '12', '', '', '独立开关', '29', '', '', ''), ('86', '开关灯具', '12', '', '', '智能USB开关', '99', '', '', ''), ('87', '开关灯具', '12', '', '', '抗电涌开关', '199', '', '', ''), ('88', '开关灯具', '12', '', '', '防雷电开关', '249', '', '', ''), ('89', '开关灯具', '12', '', '', '转换插座', '269', '', '', ''), ('90', '开关灯具', '19', '', '', '普通照明', '499', '', '', ''), ('91', '开关灯具', '19', '', '', 'LED照明', '799', '', '', ''), ('92', '开关灯具', '19', '', '', '室内灯具', '289', '', '', ''), ('93', '开关灯具', '19', '', '', '室外灯具', '699', '', '', ''), ('94', '开关灯具', '19', '', '', '筒灯/射灯', '189', '', '', ''), ('95', '开关灯具', '19', '', '', '吸顶灯', '89', '', '', ''), ('96', '开关灯具', '19', '', '', '日光灯', '79', '', '', ''), ('97', '开关灯具', '19', '', '', '水晶灯', '999', '', '', ''), ('98', '开关灯具', '19', '', '', '独立开关', '29', '', '', ''), ('99', '开关灯具', '19', '', '', '智能USB开关', '99', '', '', ''), ('100', '开关灯具', '19', '', '', '抗电涌开关', '199', '', '', ''), ('101', '开关灯具', '19', '', '', '防雷电开关', '249', '', '', ''), ('102', '开关灯具', '19', '', '', '转换插座', '269', '', '', ''), ('103', '墙体', '6', '', '', '乳胶漆', '199', '', '', ''), ('104', '墙体', '6', '', '', '儿童漆', '109', '', '', ''), ('105', '墙体', '6', '', '', '水性漆', '189', '', '', ''), ('106', '墙体', '6', '', '', '环保漆', '399', '', '', ''), ('107', '墙体', '6', '', '', '硅藻泥', '249', '', '', ''), ('108', '墙体', '6', '', '', '背景墙', '349', '', '', ''), ('109', '墙体', '6', '', '', '壁纸', '99', '', '', ''), ('110', '墙体', '13', '', '', '乳胶漆', '199', '', '', ''), ('111', '墙体', '13', '', '', '儿童漆', '109', '', '', ''), ('112', '墙体', '13', '', '', '水性漆', '189', '', '', ''), ('113', '墙体', '13', '', '', '环保漆', '399', '', '', ''), ('114', '墙体', '13', '', '', '硅藻泥', '249', '', '', ''), ('115', '墙体', '13', '', '', '背景墙', '349', '', '', ''), ('116', '墙体', '13', '', '', '壁纸', '99', '', '', ''), ('117', '墙体', '20', '', '', '乳胶漆', '199', '', '', ''), ('118', '墙体', '20', '', '', '儿童漆', '109', '', '', ''), ('119', '墙体', '20', '', '', '水性漆', '189', '', '', ''), ('120', '墙体', '20', '', '', '环保漆', '399', '', '', ''), ('121', '墙体', '20', '', '', '硅藻泥', '249', '', '', ''), ('122', '墙体', '20', '', '', '背景墙', '349', '', '', ''), ('123', '墙体', '20', '', '', '壁纸', '99', '', '', ''), ('124', '吊顶', '7', '', '', '集成吊顶', '299', '', '', ''), ('125', '吊顶', '7', '', '', '石膏线', '89', '', '', ''), ('126', '吊顶', '7', '', '', '铝扣板', '199', '', '', ''), ('127', '吊顶', '7', '', '', '铝塑板', '109', '', '', ''), ('128', '吊顶', '14', '', '', '集成吊顶', '299', '', '', ''), ('129', '吊顶', '14', '', '', '石膏线', '89', '', '', ''), ('130', '吊顶', '14', '', '', '铝扣板', '199', '', '', ''), ('131', '吊顶', '14', '', '', '铝塑板', '109', '', '', ''), ('132', '吊顶', '21', '', '', '集成吊顶', '299', '', '', ''), ('133', '吊顶', '21', '', '', '石膏线', '89', '', '', ''), ('134', '吊顶', '21', '', '', '铝扣板', '199', '', '', ''), ('135', '吊顶', '21', '', '', '铝塑板', '109', '', '', ''), ('136', '家具', '8', '', '', '真皮沙发', '5999', '', '', ''), ('137', '家具', '8', '', '', '织物沙发', '4999', '', '', ''), ('138', '家具', '8', '', '', '布艺沙发', '4899', '', '', ''), ('139', '家具', '8', '', '', '实木沙发', '5899', '', '', ''), ('140', '家具', '8', '', '', '布艺床垫', '2999', '', '', ''), ('141', '家具', '8', '', '', '儿童床垫', '2099', '', '', ''), ('142', '家具', '8', '', '', '乳胶床垫', '1899', '', '', ''), ('143', '家具', '8', '', '', '棕垫床垫', '1099', '', '', ''), ('144', '家具', '8', '', '', '实木床垫', '1099', '', '', ''), ('145', '家具', '8', '', '', '强化玻璃桌椅', '2499', '', '', ''), ('146', '家具', '8', '', '', '钢材桌椅', '2599', '', '', ''), ('147', '家具', '8', '', '', '衣柜', '2099', '', '', ''), ('148', '家具', '8', '', '', '梳妆台', '1099', '', '', ''), ('149', '家具', '8', '', '', '抽屉柜', '1099', '', '', ''), ('150', '家具', '8', '', '', '床边桌', '1099', '', '', ''), ('151', '家具', '15', '', '', '真皮沙发', '5999', '', '', ''), ('152', '家具', '15', '', '', '织物沙发', '4999', '', '', ''), ('153', '家具', '15', '', '', '布艺沙发', '4899', '', '', ''), ('154', '家具', '15', '', '', '实木沙发', '5899', '', '', ''), ('155', '家具', '15', '', '', '布艺床垫', '2999', '', '', ''), ('156', '家具', '15', '', '', '儿童床垫', '2099', '', '', ''), ('157', '家具', '15', '', '', '乳胶床垫', '1899', '', '', ''), ('158', '家具', '15', '', '', '棕垫床垫', '1099', '', '', ''), ('159', '家具', '15', '', '', '实木床垫', '1099', '', '', ''), ('160', '家具', '15', '', '', '强化玻璃桌椅', '2499', '', '', ''), ('161', '家具', '15', '', '', '钢材桌椅', '2599', '', '', ''), ('162', '家具', '15', '', '', '衣柜', '2099', '', '', ''), ('163', '家具', '15', '', '', '梳妆台', '1099', '', '', ''), ('164', '家具', '15', '', '', '抽屉柜', '1099', '', '', ''), ('165', '家具', '15', '', '', '床边桌', '1099', '', '', ''), ('166', '家具', '22', '', '', '真皮沙发', '5099', '', '', ''), ('167', '家具', '22', '', '', '织物沙发', '4999', '', '', ''), ('168', '家具', '22', '', '', '布艺沙发', '4899', '', '', ''), ('169', '家具', '22', '', '', '实木沙发', '5899', '', '', ''), ('170', '家具', '22', '', '', '布艺床垫', '2999', '', '', ''), ('171', '家具', '22', '', '', '儿童床垫', '2099', '', '', ''), ('172', '家具', '22', '', '', '乳胶床垫', '1899', '', '', ''), ('173', '家具', '22', '', '', '棕垫床垫', '1099', '', '', ''), ('174', '家具', '22', '', '', '实木床垫', '1099', '', '', ''), ('175', '家具', '22', '', '', '强化玻璃桌椅', '2499', '', '', ''), ('176', '家具', '22', '', '', '钢材桌椅', '2599', '', '', ''), ('177', '家具', '22', '', '', '衣柜', '2099', '', '', ''), ('178', '家具', '22', '', '', '梳妆台', '1099', '', '', ''), ('179', '家具', '22', '', '', '抽屉柜', '1099', '', '', ''), ('180', '家具', '22', '', '', '床边桌', '1099', '', '', ''), ('181', '地板', '9', '', '', '实木地板', '499', '', '', ''), ('182', '地板', '9', '', '', '实木复合地板', '399', '', '', ''), ('183', '地板', '9', '', '', '强化地板', '369', '', '', ''), ('184', '地板', '9', '', '', '超强地板', '489', '', '', ''), ('185', '地板', '16', '', '', '实木地板', '499', '', '', ''), ('186', '地板', '16', '', '', '实木复合地板', '399', '', '', ''), ('187', '地板', '16', '', '', '强化地板', '369', '', '', ''), ('188', '地板', '16', '', '', '超强地板', '489', '', '', ''), ('189', '地板', '23', '', '', '实木地板', '499', '', '', ''), ('190', '地板', '23', '', '', '实木复合地板', '399', '', '', ''), ('191', '地板', '23', '', '', '强化地板', '369', '', '', ''), ('192', '地板', '23', '', '', '超强地板', '489', '', '', ''), ('193', '瓷砖', '10', '', '', '瓷砖', '29', '', '', ''), ('194', '瓷砖', '10', '', '', '地板砖', '39', '', '', ''), ('195', '瓷砖', '10', '', '', '大理石瓷砖', '39', '', '', ''), ('196', '瓷砖', '10', '', '', '釉面砖', '59', '', '', ''), ('197', '瓷砖', '10', '', '', '亚光砖', '59', '', '', ''), ('198', '瓷砖', '10', '', '', '玻化砖', '89', '', '', ''), ('199', '瓷砖', '10', '', '', '微晶石', '109', '', '', ''), ('200', '瓷砖', '10', '', '', '木纹砖', '99', '', '', ''), ('201', '瓷砖', '10', '', '', '抛光砖', '89', '', '', ''), ('202', '瓷砖', '16', '', '', '瓷砖', '29', '', '', ''), ('203', '瓷砖', '16', '', '', '地板砖', '39', '', '', ''), ('204', '瓷砖', '16', '', '', '大理石瓷砖', '39', '', '', ''), ('205', '瓷砖', '16', '', '', '釉面砖', '59', '', '', ''), ('206', '瓷砖', '16', '', '', '亚光砖', '59', '', '', ''), ('207', '瓷砖', '16', '', '', '玻化砖', '89', '', '', ''), ('208', '瓷砖', '16', '', '', '微晶石', '109', '', '', ''), ('209', '瓷砖', '16', '', '', '木纹砖', '99', '', '', ''), ('210', '瓷砖', '16', '', '', '抛光砖', '89', '', '', ''), ('211', '瓷砖', '24', '', '', '瓷砖', '29', '', '', ''), ('212', '瓷砖', '24', '', '', '地板砖', '39', '', '', ''), ('213', '瓷砖', '24', '', '', '大理石瓷砖', '39', '', '', ''), ('214', '瓷砖', '24', '', '', '釉面砖', '59', '', '', ''), ('215', '瓷砖', '24', '', '', '亚光砖', '59', '', '', ''), ('216', '瓷砖', '24', '', '', '玻化砖', '89', '', '', ''), ('217', '瓷砖', '24', '', '', '微晶石', '109', '', '', ''), ('218', '瓷砖', '24', '', '', '木纹砖', '99', '', '', ''), ('219', '瓷砖', '24', '', '', '抛光砖', '89', '', '', ''), ('370', 'xxx', '366', null, null, null, null, null, 'img/avatar.png', 'xxxx'), ('341', '11', '340', null, null, null, null, null, 'img/avatar.png', '22'), ('332', '第一个项目', '328', null, null, null, null, null, 'uploads/20160504174542_32360.jpg', '111'), ('333', '第二个项目11', '328', null, null, null, null, null, 'uploads/20160504193656_48018.jpg', '111666'), ('334', '第三个项目', '328', null, null, null, null, null, 'uploads/20160504174624_55633.jpg', '333'), ('374', 'dfsa', '371', null, null, null, null, null, 'img/avatar.png', 'fdsafsa'), ('344', '订单1', '343', null, null, null, null, null, 'img/avatar.png', '订单'), ('373', 'dfsa', '371', null, null, null, null, null, 'img/avatar.png', 'fdsafsa'), ('361', 'fdsf', '359', null, null, null, null, null, 'img/avatar.png', 'fdsafsad'), ('372', 'jkfjsdkfjsadk', '371', null, null, null, null, null, 'img/avatar.png', 'fdskajf;lsadjfksd'), ('377', '地板', '376', null, null, null, null, null, 'uploads/20160509200507_16481.png', '地板更换'), ('378', '地板', '376', null, null, null, null, null, 'uploads/20160509200509_18732.png', '地板更换'), ('441', null, '378', null, null, 'dd', 'dd', null, null, null), ('442', null, '378', null, null, 'h', 'h', null, null, null), ('443', null, '378', null, null, 'd', 'd', null, null, null), ('444', null, '378', null, null, 'x', 'x', null, null, null), ('445', null, '378', null, null, 'xxx', 'xxxx', null, null, null), ('446', null, '378', null, null, 'xx', 'xx', null, null, null), ('447', 'xxxxx', '376', null, null, null, null, null, 'img/avatar.png', 'xxxxx'), ('448', null, '447', null, null, 'dd', 'dd', null, null, null), ('449', null, '447', null, null, 'dddd', 'ddddd', null, null, null);
COMMIT;

-- ----------------------------
--  Table structure for `t_user`
-- ----------------------------
DROP TABLE IF EXISTS `t_user`;
CREATE TABLE `t_user` (
  `user_id` int(11) NOT NULL,
  `user_name` varchar(255) DEFAULT NULL,
  `user_tel` varchar(255) DEFAULT NULL,
  `user_address` varchar(255) DEFAULT NULL,
  `open_id` varchar(255) DEFAULT NULL,
  PRIMARY KEY (`user_id`)
) ENGINE=MyISAM DEFAULT CHARSET=gbk;

SET FOREIGN_KEY_CHECKS = 1;
